TAP version 13
# Subtest: acceptance/test-13-notaction-allow-complement.json: complement grant never presents the excluded set as allowed (IAM-704)
ok 1 - acceptance/test-13-notaction-allow-complement.json: complement grant never presents the excluded set as allowed (IAM-704)
  ---
  duration_ms: 8.391625
  ...
# Subtest: acceptance/test-14-notresource-allow-complement.json: complement grant never presents the excluded set as allowed (IAM-704)
ok 2 - acceptance/test-14-notresource-allow-complement.json: complement grant never presents the excluded set as allowed (IAM-704)
  ---
  duration_ms: 1.605917
  ...
# Subtest: acceptance/test-10-negated-org-condition-trust.json: fails closed with the expected coverage block (IAM-704)
ok 3 - acceptance/test-10-negated-org-condition-trust.json: fails closed with the expected coverage block (IAM-704)
  ---
  duration_ms: 3.938584
  ...
# Subtest: acceptance/test-15-public-role-trust.json: fails closed with the expected coverage block (IAM-704)
ok 4 - acceptance/test-15-public-role-trust.json: fails closed with the expected coverage block (IAM-704)
  ---
  duration_ms: 0.379833
  ...
# Subtest: acceptance/test-16-externalid-trust.json: fails closed with the expected coverage block (IAM-704)
ok 5 - acceptance/test-16-externalid-trust.json: fails closed with the expected coverage block (IAM-704)
  ---
  duration_ms: 1.249917
  ...
# Subtest: acceptance/test-17-oidc-trust.json: fails closed with the expected coverage block (IAM-704)
ok 6 - acceptance/test-17-oidc-trust.json: fails closed with the expected coverage block (IAM-704)
  ---
  duration_ms: 2.997667
  ...
# Subtest: acceptance/test-18-service-trust-negative-control.json: fails closed with the expected coverage block (IAM-704)
ok 7 - acceptance/test-18-service-trust-negative-control.json: fails closed with the expected coverage block (IAM-704)
  ---
  duration_ms: 1.154125
  ...
# Subtest: acceptance/test-19-scp-fail-closed.json: fails closed with the expected coverage block (IAM-704)
ok 8 - acceptance/test-19-scp-fail-closed.json: fails closed with the expected coverage block (IAM-704)
  ---
  duration_ms: 0.431292
  ...
# Subtest: acceptance/test-20-mixed-policy-family.json: fails closed with the expected coverage block (IAM-704)
ok 9 - acceptance/test-20-mixed-policy-family.json: fails closed with the expected coverage block (IAM-704)
  ---
  duration_ms: 1.538667
  ...
# Subtest: acceptance/test-22c-unsupported-version.json: fails closed with the expected coverage block (IAM-704)
ok 10 - acceptance/test-22c-unsupported-version.json: fails closed with the expected coverage block (IAM-704)
  ---
  duration_ms: 1.677709
  ...
# Subtest: acceptance/test-01-passrole-ec2-cross-statement.json: escalation prerequisites are grounded + well-formed (IAM-703)
ok 11 - acceptance/test-01-passrole-ec2-cross-statement.json: escalation prerequisites are grounded + well-formed (IAM-703)
  ---
  duration_ms: 12.879667
  ...
# Subtest: acceptance/test-02-passrole-condition-lambda-not-ec2.json: escalation prerequisites are grounded + well-formed (IAM-703)
ok 12 - acceptance/test-02-passrole-condition-lambda-not-ec2.json: escalation prerequisites are grounded + well-formed (IAM-703)
  ---
  duration_ms: 4.669833
  ...
# Subtest: acceptance/test-03-separate-lambda-techniques.json: escalation prerequisites are grounded + well-formed (IAM-703)
ok 13 - acceptance/test-03-separate-lambda-techniques.json: escalation prerequisites are grounded + well-formed (IAM-703)
  ---
  duration_ms: 1.515875
  ...
# Subtest: acceptance/test-04-policy-version-object-statement.json: escalation prerequisites are grounded + well-formed (IAM-703)
ok 14 - acceptance/test-04-policy-version-object-statement.json: escalation prerequisites are grounded + well-formed (IAM-703)
  ---
  duration_ms: 2.029542
  ...
# Subtest: acceptance/test-05-access-key-creation.json: escalation prerequisites are grounded + well-formed (IAM-703)
ok 15 - acceptance/test-05-access-key-creation.json: escalation prerequisites are grounded + well-formed (IAM-703)
  ---
  duration_ms: 0.286292
  ...
# Subtest: acceptance/test-06-broad-cross-account-assumerole.json: escalation prerequisites are grounded + well-formed (IAM-703)
ok 16 - acceptance/test-06-broad-cross-account-assumerole.json: escalation prerequisites are grounded + well-formed (IAM-703)
  ---
  duration_ms: 0.811583
  ...
# Subtest: acceptance/test-07-s3-read-constrained-by-kms.json: escalation prerequisites are grounded + well-formed (IAM-703)
ok 17 - acceptance/test-07-s3-read-constrained-by-kms.json: escalation prerequisites are grounded + well-formed (IAM-703)
  ---
  duration_ms: 0.668583
  ...
# Subtest: acceptance/test-08-explicit-deny-no-capability-edge.json: escalation prerequisites are grounded + well-formed (IAM-703)
ok 18 - acceptance/test-08-explicit-deny-no-capability-edge.json: escalation prerequisites are grounded + well-formed (IAM-703)
  ---
  duration_ms: 0.324667
  ...
# Subtest: acceptance/test-09-partial-deny-residual-destroy.json: escalation prerequisites are grounded + well-formed (IAM-703)
ok 19 - acceptance/test-09-partial-deny-residual-destroy.json: escalation prerequisites are grounded + well-formed (IAM-703)
  ---
  duration_ms: 1.186375
  ...
# Subtest: acceptance/test-10-negated-org-condition-trust.json: escalation prerequisites are grounded + well-formed (IAM-703)
ok 20 - acceptance/test-10-negated-org-condition-trust.json: escalation prerequisites are grounded + well-formed (IAM-703)
  ---
  duration_ms: 4.068541
  ...
# Subtest: acceptance/test-11-case-scalar-passrole-ec2.json: escalation prerequisites are grounded + well-formed (IAM-703)
ok 21 - acceptance/test-11-case-scalar-passrole-ec2.json: escalation prerequisites are grounded + well-formed (IAM-703)
  ---
  duration_ms: 0.496458
  ...
# Subtest: acceptance/test-12-iam-star-dedup.json: escalation prerequisites are grounded + well-formed (IAM-703)
ok 22 - acceptance/test-12-iam-star-dedup.json: escalation prerequisites are grounded + well-formed (IAM-703)
  ---
  duration_ms: 0.692458
  ...
# Subtest: acceptance/test-13-notaction-allow-complement.json: escalation prerequisites are grounded + well-formed (IAM-703)
ok 23 - acceptance/test-13-notaction-allow-complement.json: escalation prerequisites are grounded + well-formed (IAM-703)
  ---
  duration_ms: 0.271917
  ...
# Subtest: acceptance/test-14-notresource-allow-complement.json: escalation prerequisites are grounded + well-formed (IAM-703)
ok 24 - acceptance/test-14-notresource-allow-complement.json: escalation prerequisites are grounded + well-formed (IAM-703)
  ---
  duration_ms: 0.141666
  ...
# Subtest: acceptance/test-15-public-role-trust.json: escalation prerequisites are grounded + well-formed (IAM-703)
ok 25 - acceptance/test-15-public-role-trust.json: escalation prerequisites are grounded + well-formed (IAM-703)
  ---
  duration_ms: 0.250292
  ...
# Subtest: acceptance/test-16-externalid-trust.json: escalation prerequisites are grounded + well-formed (IAM-703)
ok 26 - acceptance/test-16-externalid-trust.json: escalation prerequisites are grounded + well-formed (IAM-703)
  ---
  duration_ms: 0.360292
  ...
# Subtest: acceptance/test-17-oidc-trust.json: escalation prerequisites are grounded + well-formed (IAM-703)
ok 27 - acceptance/test-17-oidc-trust.json: escalation prerequisites are grounded + well-formed (IAM-703)
  ---
  duration_ms: 0.401459
  ...
# Subtest: acceptance/test-18-service-trust-negative-control.json: escalation prerequisites are grounded + well-formed (IAM-703)
ok 28 - acceptance/test-18-service-trust-negative-control.json: escalation prerequisites are grounded + well-formed (IAM-703)
  ---
  duration_ms: 0.3
  ...
# Subtest: acceptance/test-19-scp-fail-closed.json: escalation prerequisites are grounded + well-formed (IAM-703)
ok 29 - acceptance/test-19-scp-fail-closed.json: escalation prerequisites are grounded + well-formed (IAM-703)
  ---
  duration_ms: 0.194583
  ...
# Subtest: acceptance/test-20-mixed-policy-family.json: escalation prerequisites are grounded + well-formed (IAM-703)
ok 30 - acceptance/test-20-mixed-policy-family.json: escalation prerequisites are grounded + well-formed (IAM-703)
  ---
  duration_ms: 0.07525
  ...
# Subtest: acceptance/test-21-policy-variable-scoped-read.json: escalation prerequisites are grounded + well-formed (IAM-703)
ok 31 - acceptance/test-21-policy-variable-scoped-read.json: escalation prerequisites are grounded + well-formed (IAM-703)
  ---
  duration_ms: 0.11925
  ...
# Subtest: acceptance/test-22a-malformed-json.json: escalation prerequisites are grounded + well-formed (IAM-703)
ok 32 - acceptance/test-22a-malformed-json.json: escalation prerequisites are grounded + well-formed (IAM-703)
  ---
  duration_ms: 0.080125
  ...
# Subtest: acceptance/test-22b-missing-effect-action.json: escalation prerequisites are grounded + well-formed (IAM-703)
ok 33 - acceptance/test-22b-missing-effect-action.json: escalation prerequisites are grounded + well-formed (IAM-703)
  ---
  duration_ms: 0.050583
  ...
# Subtest: acceptance/test-22c-unsupported-version.json: escalation prerequisites are grounded + well-formed (IAM-703)
ok 34 - acceptance/test-22c-unsupported-version.json: escalation prerequisites are grounded + well-formed (IAM-703)
  ---
  duration_ms: 0.0515
  ...
# Subtest: acceptance/test-23-duplicate-subsumed.json: escalation prerequisites are grounded + well-formed (IAM-703)
ok 35 - acceptance/test-23-duplicate-subsumed.json: escalation prerequisites are grounded + well-formed (IAM-703)
  ---
  duration_ms: 0.357333
  ...
# Subtest: acceptance/test-24-graph-semantic-typing.json: escalation prerequisites are grounded + well-formed (IAM-703)
ok 36 - acceptance/test-24-graph-semantic-typing.json: escalation prerequisites are grounded + well-formed (IAM-703)
  ---
  duration_ms: 1.417208
  ...
# Subtest: acceptance/test-02-passrole-condition-lambda-not-ec2.json: compound AND/OR semantics match expectations (IAM-703)
ok 37 - acceptance/test-02-passrole-condition-lambda-not-ec2.json: compound AND/OR semantics match expectations (IAM-703)
  ---
  duration_ms: 1.647916
  ...
# Subtest: acceptance/test-03-separate-lambda-techniques.json: compound AND/OR semantics match expectations (IAM-703)
ok 38 - acceptance/test-03-separate-lambda-techniques.json: compound AND/OR semantics match expectations (IAM-703)
  ---
  duration_ms: 0.905
  ...
# Subtest: acceptance/test-05-access-key-creation.json: compound AND/OR semantics match expectations (IAM-703)
ok 39 - acceptance/test-05-access-key-creation.json: compound AND/OR semantics match expectations (IAM-703)
  ---
  duration_ms: 0.441166
  ...
# Subtest: IAM-706: acceptance tests 7 and 21 both have a dataReadExpect fixture
ok 40 - IAM-706: acceptance tests 7 and 21 both have a dataReadExpect fixture
  ---
  duration_ms: 1.40225
  ...
# Subtest: acceptance/test-07-s3-read-constrained-by-kms.json: resource/variable-scoped data-read coverage (IAM-706)
ok 41 - acceptance/test-07-s3-read-constrained-by-kms.json: resource/variable-scoped data-read coverage (IAM-706)
  ---
  duration_ms: 7.661417
  ...
# Subtest: acceptance/test-21-policy-variable-scoped-read.json: resource/variable-scoped data-read coverage (IAM-706)
ok 42 - acceptance/test-21-policy-variable-scoped-read.json: resource/variable-scoped data-read coverage (IAM-706)
  ---
  duration_ms: 0.390458
  ...
# Subtest: fixture acceptance/test-04-policy-version-object-statement.json: IAM-705 dedup collapses the overlap
ok 43 - fixture acceptance/test-04-policy-version-object-statement.json: IAM-705 dedup collapses the overlap
  ---
  duration_ms: 7.426167
  ...
# Subtest: fixture acceptance/test-05-access-key-creation.json: IAM-705 dedup collapses the overlap
ok 44 - fixture acceptance/test-05-access-key-creation.json: IAM-705 dedup collapses the overlap
  ---
  duration_ms: 1.288667
  ...
# Subtest: fixture acceptance/test-12-iam-star-dedup.json: IAM-705 dedup collapses the overlap
ok 45 - fixture acceptance/test-12-iam-star-dedup.json: IAM-705 dedup collapses the overlap
  ---
  duration_ms: 2.92425
  ...
# Subtest: fixture acceptance/test-23-duplicate-subsumed.json: IAM-705 dedup collapses the overlap
ok 46 - fixture acceptance/test-23-duplicate-subsumed.json: IAM-705 dedup collapses the overlap
  ---
  duration_ms: 2.997375
  ...
# Subtest: IAM-705 dedup fixtures are present and exercised (tests 12, 4, 5)
ok 47 - IAM-705 dedup fixtures are present and exercised (tests 12, 4, 5)
  ---
  duration_ms: 4.411209
  ...
# Subtest: acceptance/test-08-explicit-deny-no-capability-edge.json: graph edge semantic typing + deny-no-leak (IAM-702)
ok 48 - acceptance/test-08-explicit-deny-no-capability-edge.json: graph edge semantic typing + deny-no-leak (IAM-702)
  ---
  duration_ms: 4.823333
  ...
# Subtest: acceptance/test-24-graph-semantic-typing.json: graph edge semantic typing + deny-no-leak (IAM-702)
ok 49 - acceptance/test-24-graph-semantic-typing.json: graph edge semantic typing + deny-no-leak (IAM-702)
  ---
  duration_ms: 3.631166
  ...
# Subtest: acceptance/test-01-passrole-ec2-cross-statement.json: cross-statement provenance is correct (IAM-701)
ok 50 - acceptance/test-01-passrole-ec2-cross-statement.json: cross-statement provenance is correct (IAM-701)
  ---
  duration_ms: 12.358542
  ...
# Subtest: acceptance/test-02-passrole-condition-lambda-not-ec2.json: cross-statement provenance is correct (IAM-701)
ok 51 - acceptance/test-02-passrole-condition-lambda-not-ec2.json: cross-statement provenance is correct (IAM-701)
  ---
  duration_ms: 3.561708
  ...
# Subtest: acceptance/test-03-separate-lambda-techniques.json: cross-statement provenance is correct (IAM-701)
ok 52 - acceptance/test-03-separate-lambda-techniques.json: cross-statement provenance is correct (IAM-701)
  ---
  duration_ms: 3.4995
  ...
# Subtest: acceptance/test-04-policy-version-object-statement.json: cross-statement provenance is correct (IAM-701)
ok 53 - acceptance/test-04-policy-version-object-statement.json: cross-statement provenance is correct (IAM-701)
  ---
  duration_ms: 2.333125
  ...
# Subtest: acceptance/test-05-access-key-creation.json: cross-statement provenance is correct (IAM-701)
ok 54 - acceptance/test-05-access-key-creation.json: cross-statement provenance is correct (IAM-701)
  ---
  duration_ms: 1.155167
  ...
# Subtest: acceptance/test-06-broad-cross-account-assumerole.json: cross-statement provenance is correct (IAM-701)
ok 55 - acceptance/test-06-broad-cross-account-assumerole.json: cross-statement provenance is correct (IAM-701)
  ---
  duration_ms: 0.850459
  ...
# Subtest: acceptance/test-07-s3-read-constrained-by-kms.json: cross-statement provenance is correct (IAM-701)
ok 56 - acceptance/test-07-s3-read-constrained-by-kms.json: cross-statement provenance is correct (IAM-701)
  ---
  duration_ms: 1.774333
  ...
# Subtest: acceptance/test-08-explicit-deny-no-capability-edge.json: cross-statement provenance is correct (IAM-701)
ok 57 - acceptance/test-08-explicit-deny-no-capability-edge.json: cross-statement provenance is correct (IAM-701)
  ---
  duration_ms: 0.397541
  ...
# Subtest: acceptance/test-09-partial-deny-residual-destroy.json: cross-statement provenance is correct (IAM-701)
ok 58 - acceptance/test-09-partial-deny-residual-destroy.json: cross-statement provenance is correct (IAM-701)
  ---
  duration_ms: 1.185125
  ...
# Subtest: acceptance/test-10-negated-org-condition-trust.json: cross-statement provenance is correct (IAM-701)
ok 59 - acceptance/test-10-negated-org-condition-trust.json: cross-statement provenance is correct (IAM-701)
  ---
  duration_ms: 1.421375
  ...
# Subtest: acceptance/test-11-case-scalar-passrole-ec2.json: cross-statement provenance is correct (IAM-701)
ok 60 - acceptance/test-11-case-scalar-passrole-ec2.json: cross-statement provenance is correct (IAM-701)
  ---
  duration_ms: 0.409709
  ...
# Subtest: acceptance/test-12-iam-star-dedup.json: cross-statement provenance is correct (IAM-701)
ok 61 - acceptance/test-12-iam-star-dedup.json: cross-statement provenance is correct (IAM-701)
  ---
  duration_ms: 0.703375
  ...
# Subtest: acceptance/test-13-notaction-allow-complement.json: cross-statement provenance is correct (IAM-701)
ok 62 - acceptance/test-13-notaction-allow-complement.json: cross-statement provenance is correct (IAM-701)
  ---
  duration_ms: 0.43025
  ...
# Subtest: acceptance/test-14-notresource-allow-complement.json: cross-statement provenance is correct (IAM-701)
ok 63 - acceptance/test-14-notresource-allow-complement.json: cross-statement provenance is correct (IAM-701)
  ---
  duration_ms: 0.192667
  ...
# Subtest: acceptance/test-15-public-role-trust.json: cross-statement provenance is correct (IAM-701)
ok 64 - acceptance/test-15-public-role-trust.json: cross-statement provenance is correct (IAM-701)
  ---
  duration_ms: 0.312334
  ...
# Subtest: acceptance/test-16-externalid-trust.json: cross-statement provenance is correct (IAM-701)
ok 65 - acceptance/test-16-externalid-trust.json: cross-statement provenance is correct (IAM-701)
  ---
  duration_ms: 0.406583
  ...
# Subtest: acceptance/test-17-oidc-trust.json: cross-statement provenance is correct (IAM-701)
ok 66 - acceptance/test-17-oidc-trust.json: cross-statement provenance is correct (IAM-701)
  ---
  duration_ms: 0.457083
  ...
# Subtest: acceptance/test-18-service-trust-negative-control.json: cross-statement provenance is correct (IAM-701)
ok 67 - acceptance/test-18-service-trust-negative-control.json: cross-statement provenance is correct (IAM-701)
  ---
  duration_ms: 0.357292
  ...
# Subtest: acceptance/test-19-scp-fail-closed.json: cross-statement provenance is correct (IAM-701)
ok 68 - acceptance/test-19-scp-fail-closed.json: cross-statement provenance is correct (IAM-701)
  ---
  duration_ms: 0.553209
  ...
# Subtest: acceptance/test-20-mixed-policy-family.json: cross-statement provenance is correct (IAM-701)
ok 69 - acceptance/test-20-mixed-policy-family.json: cross-statement provenance is correct (IAM-701)
  ---
  duration_ms: 0.255625
  ...
# Subtest: acceptance/test-21-policy-variable-scoped-read.json: cross-statement provenance is correct (IAM-701)
ok 70 - acceptance/test-21-policy-variable-scoped-read.json: cross-statement provenance is correct (IAM-701)
  ---
  duration_ms: 0.374291
  ...
# Subtest: acceptance/test-22a-malformed-json.json: cross-statement provenance is correct (IAM-701)
ok 71 - acceptance/test-22a-malformed-json.json: cross-statement provenance is correct (IAM-701)
  ---
  duration_ms: 0.174042
  ...
# Subtest: acceptance/test-22b-missing-effect-action.json: cross-statement provenance is correct (IAM-701)
ok 72 - acceptance/test-22b-missing-effect-action.json: cross-statement provenance is correct (IAM-701)
  ---
  duration_ms: 0.072958
  ...
# Subtest: acceptance/test-22c-unsupported-version.json: cross-statement provenance is correct (IAM-701)
ok 73 - acceptance/test-22c-unsupported-version.json: cross-statement provenance is correct (IAM-701)
  ---
  duration_ms: 0.069208
  ...
# Subtest: acceptance/test-23-duplicate-subsumed.json: cross-statement provenance is correct (IAM-701)
ok 74 - acceptance/test-23-duplicate-subsumed.json: cross-statement provenance is correct (IAM-701)
  ---
  duration_ms: 0.456917
  ...
# Subtest: acceptance/test-24-graph-semantic-typing.json: cross-statement provenance is correct (IAM-701)
ok 75 - acceptance/test-24-graph-semantic-typing.json: cross-statement provenance is correct (IAM-701)
  ---
  duration_ms: 2.944292
  ...
# Subtest: suite-2 resource tests 26/27/28/32/33/49/51/53 flipped from fail-closed to real resource analysis
ok 76 - suite-2 resource tests 26/27/28/32/33/49/51/53 flipped from fail-closed to real resource analysis
  ---
  duration_ms: 11.72375
  ...
# Subtest: suite-3 resource tests 69/85 flipped from fail-closed to real resource analysis
ok 77 - suite-3 resource tests 69/85 flipped from fail-closed to real resource analysis
  ---
  duration_ms: 3.328083
  ...
# Subtest: the flipped tests are no longer carried as blocked-by-design deferred fixtures
ok 78 - the flipped tests are no longer carried as blocked-by-design deferred fixtures
  ---
  duration_ms: 2.604042
  ...
# Subtest: suite-1 test 19 (SCP deny guardrail) flipped from fail-closed to real ceiling/guardrail analysis
ok 79 - suite-1 test 19 (SCP deny guardrail) flipped from fail-closed to real ceiling/guardrail analysis
  ---
  duration_ms: 3.734208
  ...
# Subtest: suite-2 tests 43/52 (negated-IfExists SCP deny + RCP confused-deputy) flipped from fail-closed to real analysis
ok 80 - suite-2 tests 43/52 (negated-IfExists SCP deny + RCP confused-deputy) flipped from fail-closed to real analysis
  ---
  duration_ms: 1.982833
  ...
# Subtest: the flipped SCP/RCP tests are no longer carried as blocked-by-design deferred fixtures
ok 81 - the flipped SCP/RCP tests are no longer carried as blocked-by-design deferred fixtures
  ---
  duration_ms: 0.373542
  ...
# Subtest: SCP/RCP flip is deterministic over the committed org-control fixtures
ok 82 - SCP/RCP flip is deterministic over the committed org-control fixtures
  ---
  duration_ms: 3.6735
  ...
# Subtest: every deferred fixture names a design-blocked family tranche
ok 83 - every deferred fixture names a design-blocked family tranche
  ---
  duration_ms: 0.699208
  ...
# Subtest: deferred suite-2 test-30-permissions-boundary-allow-is-a-ceiling-not-a-grant.json: engine honestly family-gap
ok 84 - deferred suite-2 test-30-permissions-boundary-allow-is-a-ceiling-not-a-grant.json: engine honestly family-gap
  ---
  duration_ms: 5.904708
  ...
# Subtest: deferred suite-2 test-31-session-policy-allow-is-a-session-restriction.json: engine honestly family-gap
ok 85 - deferred suite-2 test-31-session-policy-allow-is-a-session-restriction.json: engine honestly family-gap
  ---
  duration_ms: 1.240917
  ...
# Subtest: suite-2 test-29-notprincipal-deny-hazard.json: engine matches expectation
ok 86 - suite-2 test-29-notprincipal-deny-hazard.json: engine matches expectation
  ---
  duration_ms: 4.119042
  ...
# Subtest: suite-2 test-34-role-takeover-positive.json: engine matches expectation
ok 87 - suite-2 test-34-role-takeover-positive.json: engine matches expectation
  ---
  duration_ms: 6.772125
  ...
# Subtest: suite-2 test-34b-role-takeover-partial-boundary.json: engine matches expectation
ok 88 - suite-2 test-34b-role-takeover-partial-boundary.json: engine matches expectation
  ---
  duration_ms: 1.680458
  ...
# Subtest: suite-2 test-36-add-user-to-privileged-group.json: engine matches expectation
ok 89 - suite-2 test-36-add-user-to-privileged-group.json: engine matches expectation
  ---
  duration_ms: 0.814708
  ...
# Subtest: suite-2 test-38-ecs-task-execution-two-roles.json: engine matches expectation
ok 90 - suite-2 test-38-ecs-task-execution-two-roles.json: engine matches expectation
  ---
  duration_ms: 4.788041
  ...
# Subtest: suite-2 test-44-duplicate-json-key.json: engine matches expectation
ok 91 - suite-2 test-44-duplicate-json-key.json: engine matches expectation
  ---
  duration_ms: 0.177584
  ...
# Subtest: suite-2 test-44b-same-key-different-objects-ok.json: engine matches expectation
ok 92 - suite-2 test-44b-same-key-different-objects-ok.json: engine matches expectation
  ---
  duration_ms: 22.147375
  ...
# Subtest: suite-2 test-48-invalid-wildcard-principal-arn.json: engine matches expectation
ok 93 - suite-2 test-48-invalid-wildcard-principal-arn.json: engine matches expectation
  ---
  duration_ms: 3.044958
  ...
# Subtest: suite-2 test-48b-specific-principal-arn-ok.json: engine matches expectation
ok 94 - suite-2 test-48b-specific-principal-arn-ok.json: engine matches expectation
  ---
  duration_ms: 3.2215
  ...
# Subtest: suite-2 test-48c-public-with-principalarn-condition-ok.json: engine matches expectation
ok 95 - suite-2 test-48c-public-with-principalarn-condition-ok.json: engine matches expectation
  ---
  duration_ms: 7.995541
  ...
# Subtest: suite-2 test-50-object-action-bucket-only-arn-mismatch.json: engine matches expectation
ok 96 - suite-2 test-50-object-action-bucket-only-arn-mismatch.json: engine matches expectation
  ---
  duration_ms: 0.5395
  ...
# Subtest: suite-2 test-50b-object-action-object-arn-ok.json: engine matches expectation
ok 97 - suite-2 test-50b-object-action-object-arn-ok.json: engine matches expectation
  ---
  duration_ms: 1.010584
  ...
# Subtest: duplicate-key block never false-positives on the protected corpora
ok 98 - duplicate-key block never false-positives on the protected corpora
  ---
  duration_ms: 14.08725
  ...
# Subtest: suite-2 test 29: Deny + NotPrincipal fails closed AND surfaces the specific hazard
ok 99 - suite-2 test 29: Deny + NotPrincipal fails closed AND surfaces the specific hazard
  ---
  duration_ms: 1.048625
  ...
# Subtest: suite-2 test 29: hazard surfaces under an explicit resource family selection too
ok 100 - suite-2 test 29: hazard surfaces under an explicit resource family selection too
  ---
  duration_ms: 0.526917
  ...
# Subtest: suite-2 test 29: an Allow + NotPrincipal (invalid) stays the generic unmodeled block, no hazard
ok 101 - suite-2 test 29: an Allow + NotPrincipal (invalid) stays the generic unmodeled block, no hazard
  ---
  duration_ms: 0.106042
  ...
# Subtest: suite-3 test-55-duplicate-action-dangerous-first.json: engine matches expectation
ok 102 - suite-3 test-55-duplicate-action-dangerous-first.json: engine matches expectation
  ---
  duration_ms: 3.457583
  ...
# Subtest: suite-3 test-56-duplicate-action-dangerous-last.json: engine matches expectation
ok 103 - suite-3 test-56-duplicate-action-dangerous-last.json: engine matches expectation
  ---
  duration_ms: 0.177708
  ...
# Subtest: suite-3 test-57-escaped-action-key-decodes.json: engine matches expectation
ok 104 - suite-3 test-57-escaped-action-key-decodes.json: engine matches expectation
  ---
  duration_ms: 0.156334
  ...
# Subtest: suite-3 test-58-duplicate-nested-condition-key.json: engine matches expectation
ok 105 - suite-3 test-58-duplicate-nested-condition-key.json: engine matches expectation
  ---
  duration_ms: 0.200042
  ...
# Subtest: suite-3 test-59-condition-key-case-variant-duplicate.json: engine matches expectation
ok 106 - suite-3 test-59-condition-key-case-variant-duplicate.json: engine matches expectation
  ---
  duration_ms: 0.170083
  ...
# Subtest: suite-3 test-60-duplicate-sids-flagged.json: engine matches expectation
ok 107 - suite-3 test-60-duplicate-sids-flagged.json: engine matches expectation
  ---
  duration_ms: 5.858667
  ...
# Subtest: suite-3 test-61-jsonc-comments-trailing-commas-invalid.json: engine matches expectation
ok 108 - suite-3 test-61-jsonc-comments-trailing-commas-invalid.json: engine matches expectation
  ---
  duration_ms: 0.524
  ...
# Subtest: suite-3 test-62-utf8-bom-stripped.json: engine matches expectation
ok 109 - suite-3 test-62-utf8-bom-stripped.json: engine matches expectation
  ---
  duration_ms: 0.839042
  ...
# Subtest: suite-3 test-72-exact-same-role-takeover.json: engine matches expectation
ok 110 - suite-3 test-72-exact-same-role-takeover.json: engine matches expectation
  ---
  duration_ms: 2.953458
  ...
# Subtest: suite-3 test-73-different-roles-no-correlation.json: engine matches expectation
ok 111 - suite-3 test-73-different-roles-no-correlation.json: engine matches expectation
  ---
  duration_ms: 2.790167
  ...
# Subtest: suite-3 test-74-wildcard-modifier-overlaps-exact-assumable-role.json: engine matches expectation
ok 112 - suite-3 test-74-wildcard-modifier-overlaps-exact-assumable-role.json: engine matches expectation
  ---
  duration_ms: 2.708
  ...
# Subtest: suite-3 test-74b-wildcard-assume-covers-concrete-modify-takeover.json: engine matches expectation
ok 113 - suite-3 test-74b-wildcard-assume-covers-concrete-modify-takeover.json: engine matches expectation
  ---
  duration_ms: 1.099458
  ...
# Subtest: suite-3 test-75-arnnotequals-twin-negative.json: engine matches expectation
ok 114 - suite-3 test-75-arnnotequals-twin-negative.json: engine matches expectation
  ---
  duration_ms: 0.786041
  ...
# Subtest: suite-3 test-75-mutually-exclusive-conditions-prevent-correlation.json: engine matches expectation
ok 115 - suite-3 test-75-mutually-exclusive-conditions-prevent-correlation.json: engine matches expectation
  ---
  duration_ms: 0.898458
  ...
# Subtest: suite-3 test-75-notequals-twin-negative.json: engine matches expectation
ok 116 - suite-3 test-75-notequals-twin-negative.json: engine matches expectation
  ---
  duration_ms: 2.595208
  ...
# Subtest: suite-3 test-76-deny-removes-one-prerequisite.json: engine matches expectation
ok 117 - suite-3 test-76-deny-removes-one-prerequisite.json: engine matches expectation
  ---
  duration_ms: 2.521083
  ...
# Subtest: suite-3 test-77-attachrolepolicy-alternative.json: engine matches expectation
ok 118 - suite-3 test-77-attachrolepolicy-alternative.json: engine matches expectation
  ---
  duration_ms: 3.457375
  ...
# Subtest: suite-3 test-78-modify-without-assume.json: engine matches expectation
ok 119 - suite-3 test-78-modify-without-assume.json: engine matches expectation
  ---
  duration_ms: 1.436042
  ...
# Subtest: suite-3 test-80-duplicate-modify-statements-one-path.json: engine matches expectation
ok 120 - suite-3 test-80-duplicate-modify-statements-one-path.json: engine matches expectation
  ---
  duration_ms: 1.581208
  ...
# Subtest: suite-3 test-81-asterisk-inside-role-principal-arn.json: engine matches expectation
ok 121 - suite-3 test-81-asterisk-inside-role-principal-arn.json: engine matches expectation
  ---
  duration_ms: 3.095791
  ...
# Subtest: suite-3 test-82-question-mark-inside-user-principal-arn.json: engine matches expectation
ok 122 - suite-3 test-82-question-mark-inside-user-principal-arn.json: engine matches expectation
  ---
  duration_ms: 0.268875
  ...
# Subtest: suite-3 test-83-one-invalid-member-poisons-principal-array.json: engine matches expectation
ok 123 - suite-3 test-83-one-invalid-member-poisons-principal-array.json: engine matches expectation
  ---
  duration_ms: 0.471375
  ...
# Subtest: suite-3 test-84-short-form-account-principal-valid.json: engine matches expectation
ok 124 - suite-3 test-84-short-form-account-principal-valid.json: engine matches expectation
  ---
  duration_ms: 0.227584
  ...
# Subtest: suite-3 test-85-principalarn-condition-wildcard-not-rejected.json: engine matches expectation
ok 125 - suite-3 test-85-principalarn-condition-wildcard-not-rejected.json: engine matches expectation
  ---
  duration_ms: 0.144833
  ...
# Subtest: suite-3 test-86-add-user-to-group-membership.json: engine matches expectation
ok 126 - suite-3 test-86-add-user-to-group-membership.json: engine matches expectation
  ---
  duration_ms: 0.3015
  ...
# Subtest: suite-3 test-86-service-partial-wildcard-invalid.json: engine matches expectation
ok 127 - suite-3 test-86-service-partial-wildcard-invalid.json: engine matches expectation
  ---
  duration_ms: 0.463416
  ...
# Subtest: suite-3 test-87-ecs-task-and-execution-separate.json: engine matches expectation
ok 128 - suite-3 test-87-ecs-task-and-execution-separate.json: engine matches expectation
  ---
  duration_ms: 1.557542
  ...
# Subtest: suite-3 test-87-federated-partial-wildcard-invalid.json: engine matches expectation
ok 129 - suite-3 test-87-federated-partial-wildcard-invalid.json: engine matches expectation
  ---
  duration_ms: 0.523
  ...
# Subtest: suite-3 test-88-only-execution-role-passable.json: engine matches expectation
ok 130 - suite-3 test-88-only-execution-role-passable.json: engine matches expectation
  ---
  duration_ms: 0.725958
  ...
# Subtest: suite-3 test-89-only-task-role-passable.json: engine matches expectation
ok 131 - suite-3 test-89-only-task-role-passable.json: engine matches expectation
  ---
  duration_ms: 0.901
  ...
# Subtest: suite-3 test-90-register-without-runtask.json: engine matches expectation
ok 132 - suite-3 test-90-register-without-runtask.json: engine matches expectation
  ---
  duration_ms: 1.152209
  ...
# Subtest: suite-3 test-91-cross-account-passrole-target.json: engine matches expectation
ok 133 - suite-3 test-91-cross-account-passrole-target.json: engine matches expectation
  ---
  duration_ms: 0.548458
  ...
# Subtest: suite-3 test-91b-cross-account-passrole-plus-wildcard.json: engine matches expectation
ok 134 - suite-3 test-91b-cross-account-passrole-plus-wildcard.json: engine matches expectation
  ---
  duration_ms: 4.003042
  ...
# Subtest: suite-3 test-91c-cross-account-passrole-plus-account-wildcard.json: engine matches expectation
ok 135 - suite-3 test-91c-cross-account-passrole-plus-account-wildcard.json: engine matches expectation
  ---
  duration_ms: 3.399667
  ...
# Subtest: suite-3 test-92-iam-listroles-required-wildcard.json: engine matches expectation
ok 136 - suite-3 test-92-iam-listroles-required-wildcard.json: engine matches expectation
  ---
  duration_ms: 0.171334
  ...
# Subtest: suite-3 test-93-ec2-describeinstances-required-wildcard.json: engine matches expectation
ok 137 - suite-3 test-93-ec2-describeinstances-required-wildcard.json: engine matches expectation
  ---
  duration_ms: 0.084083
  ...
# Subtest: suite-3 test-94-s3-listallmybuckets-required-wildcard.json: engine matches expectation
ok 138 - suite-3 test-94-s3-listallmybuckets-required-wildcard.json: engine matches expectation
  ---
  duration_ms: 0.073625
  ...
# Subtest: suite-3 test-95-mixed-per-action-resource.json: engine matches expectation
ok 139 - suite-3 test-95-mixed-per-action-resource.json: engine matches expectation
  ---
  duration_ms: 0.230083
  ...
# Subtest: suite-3 test-96-forallvalues-with-null-protection.json: engine matches expectation
ok 140 - suite-3 test-96-forallvalues-with-null-protection.json: engine matches expectation
  ---
  duration_ms: 0.185917
  ...
# Subtest: suite-3 test-97-empty-foranyvalue-never-matches.json: engine matches expectation
ok 141 - suite-3 test-97-empty-foranyvalue-never-matches.json: engine matches expectation
  ---
  duration_ms: 0.086583
  ...
# Subtest: suite-3 test-99-rendering-export-injection.json: engine matches expectation
ok 142 - suite-3 test-99-rendering-export-injection.json: engine matches expectation
  ---
  duration_ms: 0.91025
  ...
# Subtest: completeness: suite-3 tests 55-100 are each accounted for exactly once
ok 143 - completeness: suite-3 tests 55-100 are each accounted for exactly once
  ---
  duration_ms: 0.759125
  ...
# Subtest: every manifest entry declares a valid verdict
ok 144 - every manifest entry declares a valid verdict
  ---
  duration_ms: 0.71375
  ...
# Subtest: suite-3 test 55 (Campaign A): fixture drives to BLOCKED
ok 145 - suite-3 test 55 (Campaign A): fixture drives to BLOCKED
  ---
  duration_ms: 1.262958
  ...
# Subtest: suite-3 test 56 (Campaign A): fixture drives to BLOCKED
ok 146 - suite-3 test 56 (Campaign A): fixture drives to BLOCKED
  ---
  duration_ms: 0.684
  ...
# Subtest: suite-3 test 57 (Campaign A): fixture drives to BLOCKED
ok 147 - suite-3 test 57 (Campaign A): fixture drives to BLOCKED
  ---
  duration_ms: 0.331666
  ...
# Subtest: suite-3 test 58 (Campaign A): fixture drives to BLOCKED
ok 148 - suite-3 test 58 (Campaign A): fixture drives to BLOCKED
  ---
  duration_ms: 0.196834
  ...
# Subtest: suite-3 test 59 (Campaign A): fixture drives to BLOCKED
ok 149 - suite-3 test 59 (Campaign A): fixture drives to BLOCKED
  ---
  duration_ms: 0.211458
  ...
# Subtest: suite-3 test 60 (Campaign A): fixture drives to COMPLETE
ok 150 - suite-3 test 60 (Campaign A): fixture drives to COMPLETE
  ---
  duration_ms: 18.152708
  ...
# Subtest: suite-3 test 61 (Campaign A): fixture drives to BLOCKED
ok 151 - suite-3 test 61 (Campaign A): fixture drives to BLOCKED
  ---
  duration_ms: 0.932667
  ...
# Subtest: suite-3 test 62 (Campaign A): fixture drives to COMPLETE
ok 152 - suite-3 test 62 (Campaign A): fixture drives to COMPLETE
  ---
  duration_ms: 2.150875
  ...
# Subtest: suite-3 test 64 (Campaign B): fixture drives to BLOCKED
ok 153 - suite-3 test 64 (Campaign B): fixture drives to BLOCKED
  ---
  duration_ms: 1.63075
  ...
# Subtest: suite-3 test 65 (Campaign B): fixture drives to COMPLETE
ok 154 - suite-3 test 65 (Campaign B): fixture drives to COMPLETE
  ---
  duration_ms: 1.14425
  ...
# Subtest: suite-3 test 66 (Campaign B): fixture drives to COMPLETE
ok 155 - suite-3 test 66 (Campaign B): fixture drives to COMPLETE
  ---
  duration_ms: 0.728333
  ...
# Subtest: suite-3 test 67 (Campaign B): fixture drives to BLOCKED
ok 156 - suite-3 test 67 (Campaign B): fixture drives to BLOCKED
  ---
  duration_ms: 0.370709
  ...
# Subtest: suite-3 test 68 (Campaign B): fixture drives to BLOCKED
ok 157 - suite-3 test 68 (Campaign B): fixture drives to BLOCKED
  ---
  duration_ms: 0.262292
  ...
# Subtest: suite-3 test 69 (Campaign B): fixture drives to COMPLETE_WITH_WARNINGS
ok 158 - suite-3 test 69 (Campaign B): fixture drives to COMPLETE_WITH_WARNINGS
  ---
  duration_ms: 1.967917
  ...
# Subtest: suite-3 test 72 (Campaign C): fixture drives to COMPLETE
ok 159 - suite-3 test 72 (Campaign C): fixture drives to COMPLETE
  ---
  duration_ms: 5.433375
  ...
# Subtest: suite-3 test 73 (Campaign C): fixture drives to COMPLETE
ok 160 - suite-3 test 73 (Campaign C): fixture drives to COMPLETE
  ---
  duration_ms: 1.4995
  ...
# Subtest: suite-3 test 74 (Campaign C): fixture drives to COMPLETE
ok 161 - suite-3 test 74 (Campaign C): fixture drives to COMPLETE
  ---
  duration_ms: 0.959708
  ...
# Subtest: suite-3 test 75 (Campaign C): fixture drives to COMPLETE
ok 162 - suite-3 test 75 (Campaign C): fixture drives to COMPLETE
  ---
  duration_ms: 1.20575
  ...
# Subtest: suite-3 test 76 (Campaign C): fixture drives to COMPLETE
ok 163 - suite-3 test 76 (Campaign C): fixture drives to COMPLETE
  ---
  duration_ms: 0.632959
  ...
# Subtest: suite-3 test 77 (Campaign C): fixture drives to COMPLETE_WITH_WARNINGS
ok 164 - suite-3 test 77 (Campaign C): fixture drives to COMPLETE_WITH_WARNINGS
  ---
  duration_ms: 1.099875
  ...
# Subtest: suite-3 test 78 (Campaign C): fixture drives to COMPLETE
ok 165 - suite-3 test 78 (Campaign C): fixture drives to COMPLETE
  ---
  duration_ms: 0.372292
  ...
# Subtest: suite-3 test 80 (Campaign C): fixture drives to COMPLETE
ok 166 - suite-3 test 80 (Campaign C): fixture drives to COMPLETE
  ---
  duration_ms: 1.029333
  ...
# Subtest: suite-3 test 81 (Campaign D): fixture drives to COMPLETE_WITH_WARNINGS
ok 167 - suite-3 test 81 (Campaign D): fixture drives to COMPLETE_WITH_WARNINGS
  ---
  duration_ms: 4.395459
  ...
# Subtest: suite-3 test 82 (Campaign D): fixture drives to COMPLETE_WITH_WARNINGS
ok 168 - suite-3 test 82 (Campaign D): fixture drives to COMPLETE_WITH_WARNINGS
  ---
  duration_ms: 0.47725
  ...
# Subtest: suite-3 test 83 (Campaign D): fixture drives to COMPLETE_WITH_WARNINGS
ok 169 - suite-3 test 83 (Campaign D): fixture drives to COMPLETE_WITH_WARNINGS
  ---
  duration_ms: 1.106958
  ...
# Subtest: suite-3 test 84 (Campaign D): fixture drives to COMPLETE
ok 170 - suite-3 test 84 (Campaign D): fixture drives to COMPLETE
  ---
  duration_ms: 0.479083
  ...
# Subtest: suite-3 test 85 (Campaign D): fixture drives to COMPLETE_WITH_WARNINGS
ok 171 - suite-3 test 85 (Campaign D): fixture drives to COMPLETE_WITH_WARNINGS
  ---
  duration_ms: 1.357334
  ...
# Subtest: suite-3 test 86 (Campaign E): fixture drives to COMPLETE
ok 172 - suite-3 test 86 (Campaign E): fixture drives to COMPLETE
  ---
  duration_ms: 0.423667
  ...
# Subtest: suite-3 test 87 (Campaign E): fixture drives to COMPLETE
ok 173 - suite-3 test 87 (Campaign E): fixture drives to COMPLETE
  ---
  duration_ms: 1.475042
  ...
# Subtest: suite-3 test 88 (Campaign E): fixture drives to COMPLETE
ok 174 - suite-3 test 88 (Campaign E): fixture drives to COMPLETE
  ---
  duration_ms: 1.80325
  ...
# Subtest: suite-3 test 89 (Campaign E): fixture drives to COMPLETE
ok 175 - suite-3 test 89 (Campaign E): fixture drives to COMPLETE
  ---
  duration_ms: 1.901083
  ...
# Subtest: suite-3 test 90 (Campaign E): fixture drives to COMPLETE
ok 176 - suite-3 test 90 (Campaign E): fixture drives to COMPLETE
  ---
  duration_ms: 0.634625
  ...
# Subtest: suite-3 test 91 (Campaign E): fixture drives to COMPLETE
ok 177 - suite-3 test 91 (Campaign E): fixture drives to COMPLETE
  ---
  duration_ms: 1.710958
  ...
# Subtest: suite-3 test 92 (Campaign F): fixture drives to COMPLETE
ok 178 - suite-3 test 92 (Campaign F): fixture drives to COMPLETE
  ---
  duration_ms: 0.242625
  ...
# Subtest: suite-3 test 93 (Campaign F): fixture drives to COMPLETE
ok 179 - suite-3 test 93 (Campaign F): fixture drives to COMPLETE
  ---
  duration_ms: 0.175084
  ...
# Subtest: suite-3 test 94 (Campaign F): fixture drives to COMPLETE
ok 180 - suite-3 test 94 (Campaign F): fixture drives to COMPLETE
  ---
  duration_ms: 0.150625
  ...
# Subtest: suite-3 test 95 (Campaign F): fixture drives to COMPLETE
ok 181 - suite-3 test 95 (Campaign F): fixture drives to COMPLETE
  ---
  duration_ms: 0.246125
  ...
# Subtest: suite-3 test 96 (Campaign F): fixture drives to COMPLETE_WITH_WARNINGS
ok 182 - suite-3 test 96 (Campaign F): fixture drives to COMPLETE_WITH_WARNINGS
  ---
  duration_ms: 0.298667
  ...
# Subtest: suite-3 test 97 (Campaign F): fixture drives to COMPLETE_WITH_WARNINGS
ok 183 - suite-3 test 97 (Campaign F): fixture drives to COMPLETE_WITH_WARNINGS
  ---
  duration_ms: 0.223625
  ...
# Subtest: suite-3 test 99 (Campaign F): fixture drives to COMPLETE
ok 184 - suite-3 test 99 (Campaign F): fixture drives to COMPLETE
  ---
  duration_ms: 3.277292
  ...
# Subtest: suite-3 test 63 (Campaign A): procedure covered by declared test file(s)
ok 185 - suite-3 test 63 (Campaign A): procedure covered by declared test file(s)
  ---
  duration_ms: 0.182875
  ...
# Subtest: suite-3 test 70 (Campaign B): procedure covered by declared test file(s)
ok 186 - suite-3 test 70 (Campaign B): procedure covered by declared test file(s)
  ---
  duration_ms: 0.076792
  ...
# Subtest: suite-3 test 71 (Campaign B): procedure covered by declared test file(s)
ok 187 - suite-3 test 71 (Campaign B): procedure covered by declared test file(s)
  ---
  duration_ms: 0.0595
  ...
# Subtest: suite-3 test 79 (Campaign C): procedure covered by declared test file(s)
ok 188 - suite-3 test 79 (Campaign C): procedure covered by declared test file(s)
  ---
  duration_ms: 0.059083
  ...
# Subtest: suite-3 test 98 (Campaign F): procedure covered by declared test file(s)
ok 189 - suite-3 test 98 (Campaign F): procedure covered by declared test file(s)
  ---
  duration_ms: 0.064209
  ...
# Subtest: suite-3 test 100 (Campaign F): procedure covered by declared test file(s)
ok 190 - suite-3 test 100 (Campaign F): procedure covered by declared test file(s)
  ---
  duration_ms: 0.105208
  ...
# Subtest: Test 59: condition keys differing only in case are one duplicate key -> BLOCKED
ok 191 - Test 59: condition keys differing only in case are one duplicate key -> BLOCKED
  ---
  duration_ms: 2.338792
  ...
# Subtest: Test 59 control: two genuinely distinct condition keys are NOT flagged
ok 192 - Test 59 control: two genuinely distinct condition keys are NOT flagged
  ---
  duration_ms: 0.278917
  ...
# Subtest: Test 74: wildcard modify grant overlapping a concrete assumable role -> takeover on that role
ok 193 - Test 74: wildcard modify grant overlapping a concrete assumable role -> takeover on that role
  ---
  duration_ms: 11.114458
  ...
# Subtest: Test 74 control: a wildcard ASSUME scope is NOT expanded into a same-role takeover
ok 194 - Test 74 control: a wildcard ASSUME scope is NOT expanded into a same-role takeover
  ---
  duration_ms: 4.980084
  ...
# Subtest: Test 75: mutually exclusive principal-account conditions across legs -> NO takeover
ok 195 - Test 75: mutually exclusive principal-account conditions across legs -> NO takeover
  ---
  duration_ms: 2.668083
  ...
# Subtest: Test 75 control: compatible (identical) conditions on all legs still correlate
ok 196 - Test 75 control: compatible (identical) conditions on all legs still correlate
  ---
  duration_ms: 1.139709
  ...
# Subtest: Test 75 ArnEquals twin: mutually exclusive aws:PrincipalArn (ArnEquals) across legs -> NO takeover
ok 197 - Test 75 ArnEquals twin: mutually exclusive aws:PrincipalArn (ArnEquals) across legs -> NO takeover
  ---
  duration_ms: 0.773833
  ...
# Subtest: Test 75 ArnEquals twin control: identical aws:PrincipalArn (ArnEquals) on all legs still correlates
ok 198 - Test 75 ArnEquals twin control: identical aws:PrincipalArn (ArnEquals) on all legs still correlates
  ---
  duration_ms: 0.66125
  ...
# Subtest: Test 75 StringEqualsIgnoreCase twin: contradictory aws:PrincipalAccount across legs -> NO takeover
ok 199 - Test 75 StringEqualsIgnoreCase twin: contradictory aws:PrincipalAccount across legs -> NO takeover
  ---
  duration_ms: 0.655042
  ...
# Subtest: Test 75 case-insensitive control: StringEqualsIgnoreCase case-only variance still correlates
ok 200 - Test 75 case-insensitive control: StringEqualsIgnoreCase case-only variance still correlates
  ---
  duration_ms: 1.442083
  ...
# Subtest: Test 75 ArnLike stays excluded: wildcard-match operator creates no contradiction
ok 201 - Test 75 ArnLike stays excluded: wildcard-match operator creates no contradiction
  ---
  duration_ms: 3.256417
  ...
# Subtest: Test 75 StringNotEquals twin: == A on modify / != A on assume -> NO takeover
ok 202 - Test 75 StringNotEquals twin: == A on modify / != A on assume -> NO takeover
  ---
  duration_ms: 0.464167
  ...
# Subtest: Test 75 StringNotEquals twin (legs reversed): != A on modify / == A on assume -> NO takeover
ok 203 - Test 75 StringNotEquals twin (legs reversed): != A on modify / == A on assume -> NO takeover
  ---
  duration_ms: 0.553875
  ...
# Subtest: Test 75 ArnNotEquals twin: ArnEquals Alice / ArnNotEquals Alice across legs -> NO takeover
ok 204 - Test 75 ArnNotEquals twin: ArnEquals Alice / ArnNotEquals Alice across legs -> NO takeover
  ---
  duration_ms: 0.845541
  ...
# Subtest: Test 75 NotEquals control: == A modify / != B assume (different value) still correlates
ok 205 - Test 75 NotEquals control: == A modify / != B assume (different value) still correlates
  ---
  duration_ms: 0.731792
  ...
# Subtest: Test 75 NotEquals satisfiable control: != A on BOTH legs still correlates
ok 206 - Test 75 NotEquals satisfiable control: != A on BOTH legs still correlates
  ---
  duration_ms: 0.909
  ...
# Subtest: Test 75 alt-statements: one satisfiable assume leg fires the takeover despite an incompatible sibling assume leg
ok 207 - Test 75 alt-statements: one satisfiable assume leg fires the takeover despite an incompatible sibling assume leg
  ---
  duration_ms: 0.900083
  ...
# Subtest: Test 75 alt-statements control: when EVERY assume alternative contradicts the modify legs, still no takeover
ok 208 - Test 75 alt-statements control: when EVERY assume alternative contradicts the modify legs, still no takeover
  ---
  duration_ms: 1.065416
  ...
# Subtest: Test 91: cross-account PassRole target carries the same-account-service caveat
ok 209 - Test 91: cross-account PassRole target carries the same-account-service caveat
  ---
  duration_ms: 2.358625
  ...
# Subtest: Test 91 control: a bare "*" PassRole (no specific account) carries no account caveat
ok 210 - Test 91 control: a bare "*" PassRole (no specific account) carries no account caveat
  ---
  duration_ms: 0.914125
  ...
# Subtest: Test 83: one invalid array member is located at index 1, not silently dropped
ok 211 - Test 83: one invalid array member is located at index 1, not silently dropped
  ---
  duration_ms: 4.1155
  ...
# Subtest: Test 84: short-form 12-digit account principal stays valid cross-account delegation
ok 212 - Test 84: short-form 12-digit account principal stays valid cross-account delegation
  ---
  duration_ms: 0.513542
  ...
# Subtest: Test 85: aws:PrincipalArn condition wildcard is not mis-flagged as an invalid Principal
ok 213 - Test 85: aws:PrincipalArn condition wildcard is not mis-flagged as an invalid Principal
  ---
  duration_ms: 0.407334
  ...
# Subtest: Test 97: empty ForAnyValue set -> ineffective statement, no capability/wildcard finding
ok 214 - Test 97: empty ForAnyValue set -> ineffective statement, no capability/wildcard finding
  ---
  duration_ms: 0.4965
  ...
# Subtest: Test 97 control: a non-empty ForAnyValue set is evaluated normally
ok 215 - Test 97 control: a non-empty ForAnyValue set is evaluated normally
  ---
  duration_ms: 0.480042
  ...
# Subtest: Test 97 control: an empty ForAllValues set is NOT suppressed (vacuously satisfiable)
ok 216 - Test 97 control: an empty ForAllValues set is NOT suppressed (vacuously satisfiable)
  ---
  duration_ms: 0.378167
  ...
# Subtest: Test 96: a sibling Null presence check suppresses the ForAllValues absent-key caveat
ok 217 - Test 96: a sibling Null presence check suppresses the ForAllValues absent-key caveat
  ---
  duration_ms: 0.922125
  ...
# Subtest: Test 41 control: ForAllValues WITHOUT a sibling presence check still warns about the absent key
ok 218 - Test 41 control: ForAllValues WITHOUT a sibling presence check still warns about the absent key
  ---
  duration_ms: 0.351958
  ...
# Subtest: Test 99: hostile policy strings render INERT in the Markdown export
ok 219 - Test 99: hostile policy strings render INERT in the Markdown export
  ---
  duration_ms: 5.665
  ...
# Subtest: Test 95: mixed ListRoles+PassRole -> WILDCARD-RESOURCE lists only iam:PassRole
ok 220 - Test 95: mixed ListRoles+PassRole -> WILDCARD-RESOURCE lists only iam:PassRole
  ---
  duration_ms: 1.3385
  ...
# Subtest: Test 92: iam:ListRoles on * -> no remediable WILDCARD-RESOURCE finding
ok 221 - Test 92: iam:ListRoles on * -> no remediable WILDCARD-RESOURCE finding
  ---
  duration_ms: 0.392
  ...
# Subtest: Test 93: ec2:DescribeInstances on * -> no remediable WILDCARD-RESOURCE finding
ok 222 - Test 93: ec2:DescribeInstances on * -> no remediable WILDCARD-RESOURCE finding
  ---
  duration_ms: 0.200542
  ...
# Subtest: Test 94: s3:ListAllMyBuckets on * -> no remediable WILDCARD-RESOURCE finding
ok 223 - Test 94: s3:ListAllMyBuckets on * -> no remediable WILDCARD-RESOURCE finding
  ---
  duration_ms: 0.335875
  ...
# Subtest: Test 50: object action on a bucket-only ARN -> mismatch coverage warning, no object-read
ok 224 - Test 50: object action on a bucket-only ARN -> mismatch coverage warning, no object-read
  ---
  duration_ms: 0.853083
  ...
# Subtest: Test 50 control: object action on an object ARN -> no mismatch warning
ok 225 - Test 50 control: object action on an object ARN -> no mismatch warning
  ---
  duration_ms: 0.614042
  ...
# Subtest: fixtures/acceptance-4-kms corpus is present and well-formed
ok 226 - fixtures/acceptance-4-kms corpus is present and well-formed
  ---
  duration_ms: 0.534209
  ...
# Subtest: suite-4 KMS fixture test-109-star-not-anonymous.json: analyze() matches the per-service contract
ok 227 - suite-4 KMS fixture test-109-star-not-anonymous.json: analyze() matches the per-service contract
  ---
  duration_ms: 10.278791
  ...
# Subtest: suite-4 KMS fixture test-110-account-root-delegation.json: analyze() matches the per-service contract
ok 228 - suite-4 KMS fixture test-110-account-root-delegation.json: analyze() matches the per-service contract
  ---
  duration_ms: 1.217458
  ...
# Subtest: suite-4 KMS fixture test-111-viaservice-still-account-open.json: analyze() matches the per-service contract
ok 229 - suite-4 KMS fixture test-111-viaservice-still-account-open.json: analyze() matches the per-service contract
  ---
  duration_ms: 1.545167
  ...
# Subtest: suite-4 KMS fixture test-112-calleraccount-narrows.json: analyze() matches the per-service contract
ok 230 - suite-4 KMS fixture test-112-calleraccount-narrows.json: analyze() matches the per-service contract
  ---
  duration_ms: 1.994333
  ...
# Subtest: suite-4 KMS fixture test-113-cross-account-root.json: analyze() matches the per-service contract
ok 231 - suite-4 KMS fixture test-113-cross-account-root.json: analyze() matches the per-service contract
  ---
  duration_ms: 1.080417
  ...
# Subtest: suite-4 KMS fixture test-114-creategrant-delegation.json: analyze() matches the per-service contract
ok 232 - suite-4 KMS fixture test-114-creategrant-delegation.json: analyze() matches the per-service contract
  ---
  duration_ms: 0.51125
  ...
# Subtest: suite-4 KMS fixture test-115-silent-policy-unknown.json: analyze() matches the per-service contract
ok 233 - suite-4 KMS fixture test-115-silent-policy-unknown.json: analyze() matches the per-service contract
  ---
  duration_ms: 0.351208
  ...
# Subtest: suite-4 KMS fixture test-116-transport-deny-not-private.json: analyze() matches the per-service contract
ok 234 - suite-4 KMS fixture test-116-transport-deny-not-private.json: analyze() matches the per-service contract
  ---
  duration_ms: 0.65575
  ...
# Subtest: suite-4 KMS fixture test-127-silent-deny-only-unknown.json: analyze() matches the per-service contract
ok 235 - suite-4 KMS fixture test-127-silent-deny-only-unknown.json: analyze() matches the per-service contract
  ---
  duration_ms: 1.651917
  ...
# Subtest: suite-4 KMS analysis is deterministic (byte-identical findings across runs)
ok 236 - suite-4 KMS analysis is deterministic (byte-identical findings across runs)
  ---
  duration_ms: 6.308458
  ...
# Subtest: dispatch bleed guard: S3 / SQS "*" stay anonymous-critical while KMS "*" is reframed
ok 237 - dispatch bleed guard: S3 / SQS "*" stay anonymous-critical while KMS "*" is reframed
  ---
  duration_ms: 2.493042
  ...
# Subtest: kms:PutKeyPolicy to "*" is critical takeover; to an external principal is high; to a confirmed same-account principal it does NOT fire
ok 238 - kms:PutKeyPolicy to "*" is critical takeover; to an external principal is high; to a confirmed same-account principal it does NOT fire
  ---
  duration_ms: 1.144584
  ...
# Subtest: fixtures/acceptance-4-messaging corpus is present and well-formed
ok 239 - fixtures/acceptance-4-messaging corpus is present and well-formed
  ---
  duration_ms: 17.724666
  ...
# Subtest: suite-4 messaging fixture test-117-sns-public-subscribe-exfil.json: analyze() matches the per-service contract
ok 240 - suite-4 messaging fixture test-117-sns-public-subscribe-exfil.json: analyze() matches the per-service contract
  ---
  duration_ms: 10.00475
  ...
# Subtest: suite-4 messaging fixture test-118-sns-service-publish-unbound.json: analyze() matches the per-service contract
ok 241 - suite-4 messaging fixture test-118-sns-service-publish-unbound.json: analyze() matches the per-service contract
  ---
  duration_ms: 1.0585
  ...
# Subtest: suite-4 messaging fixture test-119-sns-source-bound-publish.json: analyze() matches the per-service contract
ok 242 - suite-4 messaging fixture test-119-sns-source-bound-publish.json: analyze() matches the per-service contract
  ---
  duration_ms: 2.017958
  ...
# Subtest: suite-4 messaging fixture test-120-sns-star-narrowed-principalorgid.json: analyze() matches the per-service contract
ok 243 - suite-4 messaging fixture test-120-sns-star-narrowed-principalorgid.json: analyze() matches the per-service contract
  ---
  duration_ms: 0.999375
  ...
# Subtest: suite-4 messaging fixture test-121-sns-deprecated-sourceowner.json: analyze() matches the per-service contract
ok 244 - suite-4 messaging fixture test-121-sns-deprecated-sourceowner.json: analyze() matches the per-service contract
  ---
  duration_ms: 2.493792
  ...
# Subtest: suite-4 messaging fixture test-122-sqs-public-receive-anonymous.json: analyze() matches the per-service contract
ok 245 - suite-4 messaging fixture test-122-sqs-public-receive-anonymous.json: analyze() matches the per-service contract
  ---
  duration_ms: 0.912042
  ...
# Subtest: suite-4 messaging fixture test-123-sqs-source-bound-send.json: analyze() matches the per-service contract
ok 246 - suite-4 messaging fixture test-123-sqs-source-bound-send.json: analyze() matches the per-service contract
  ---
  duration_ms: 1.041375
  ...
# Subtest: suite-4 messaging fixture test-124-sqs-service-send-unbound.json: analyze() matches the per-service contract
ok 247 - suite-4 messaging fixture test-124-sqs-service-send-unbound.json: analyze() matches the per-service contract
  ---
  duration_ms: 0.962041
  ...
# Subtest: suite-4 messaging fixture test-125-sqs-sourcearn-matchall-bypassed.json: analyze() matches the per-service contract
ok 248 - suite-4 messaging fixture test-125-sqs-sourcearn-matchall-bypassed.json: analyze() matches the per-service contract
  ---
  duration_ms: 3.150583
  ...
# Subtest: suite-4 messaging fixture test-126-sqs-crossaccount-full-control.json: analyze() matches the per-service contract
ok 249 - suite-4 messaging fixture test-126-sqs-crossaccount-full-control.json: analyze() matches the per-service contract
  ---
  duration_ms: 1.2405
  ...
# Subtest: suite-4 messaging analysis is deterministic (byte-identical findings across runs)
ok 250 - suite-4 messaging analysis is deterministic (byte-identical findings across runs)
  ---
  duration_ms: 7.244208
  ...
# Subtest: dispatch bleed guard: SNS / SQS "*" stay anonymous-critical while a KMS "*" is reframed
ok 251 - dispatch bleed guard: SNS / SQS "*" stay anonymous-critical while a KMS "*" is reframed
  ---
  duration_ms: 1.64075
  ...
# Subtest: a messaging service principal is never classified public write (unbound or bound)
ok 252 - a messaging service principal is never classified public write (unbound or bound)
  ---
  duration_ms: 0.493459
  ...
# Subtest: fixtures/acceptance-4 corpus is present and well-formed
ok 253 - fixtures/acceptance-4 corpus is present and well-formed
  ---
  duration_ms: 0.560875
  ...
# Subtest: suite-4 S3 fixture test-101-public-object-read-anonymous.json: analyze() matches the per-service contract
ok 254 - suite-4 S3 fixture test-101-public-object-read-anonymous.json: analyze() matches the per-service contract
  ---
  duration_ms: 6.149041
  ...
# Subtest: suite-4 S3 fixture test-102-star-narrowed-principalorgid.json: analyze() matches the per-service contract
ok 255 - suite-4 S3 fixture test-102-star-narrowed-principalorgid.json: analyze() matches the per-service contract
  ---
  duration_ms: 4.262833
  ...
# Subtest: suite-4 S3 fixture test-103-star-sourceip-still-anonymous.json: analyze() matches the per-service contract
ok 256 - suite-4 S3 fixture test-103-star-sourceip-still-anonymous.json: analyze() matches the per-service contract
  ---
  duration_ms: 1.8505
  ...
# Subtest: suite-4 S3 fixture test-104-sse-deny-not-private.json: analyze() matches the per-service contract
ok 257 - suite-4 S3 fixture test-104-sse-deny-not-private.json: analyze() matches the per-service contract
  ---
  duration_ms: 4.778084
  ...
# Subtest: suite-4 S3 fixture test-105-putbucketpolicy-takeover.json: analyze() matches the per-service contract
ok 258 - suite-4 S3 fixture test-105-putbucketpolicy-takeover.json: analyze() matches the per-service contract
  ---
  duration_ms: 1.805792
  ...
# Subtest: suite-4 S3 fixture test-106-cross-account-object-read.json: analyze() matches the per-service contract
ok 259 - suite-4 S3 fixture test-106-cross-account-object-read.json: analyze() matches the per-service contract
  ---
  duration_ms: 1.922125
  ...
# Subtest: suite-4 S3 fixture test-107-same-account-user-grant.json: analyze() matches the per-service contract
ok 260 - suite-4 S3 fixture test-107-same-account-user-grant.json: analyze() matches the per-service contract
  ---
  duration_ms: 0.821125
  ...
# Subtest: suite-4 S3 fixture test-108-resourceaccount-not-narrowing.json: analyze() matches the per-service contract
ok 261 - suite-4 S3 fixture test-108-resourceaccount-not-narrowing.json: analyze() matches the per-service contract
  ---
  duration_ms: 1.461584
  ...
# Subtest: suite-4 S3 fixture test-128-canonicaluser-fail-closed.json: analyze() matches the per-service contract
ok 262 - suite-4 S3 fixture test-128-canonicaluser-fail-closed.json: analyze() matches the per-service contract
  ---
  duration_ms: 2.247709
  ...
# Subtest: suite-4 S3 analysis is deterministic (byte-identical findings across runs)
ok 263 - suite-4 S3 analysis is deterministic (byte-identical findings across runs)
  ---
  duration_ms: 13.926667
  ...
# Subtest: inv11 local-only: shipped engine sources contain no network API
ok 264 - inv11 local-only: shipped engine sources contain no network API
  ---
  duration_ms: 4.603125
  ...
# Subtest: completeness: all 24 acceptance tests (+22A/B/C) have exactly one fixture
ok 265 - completeness: all 24 acceptance tests (+22A/B/C) have exactly one fixture
  ---
  duration_ms: 4.39625
  ...
# Subtest: acceptance/test-01-passrole-ec2-cross-statement.json: acceptance test 1 - semantics + cross-test invariants (IAM-707)
ok 266 - acceptance/test-01-passrole-ec2-cross-statement.json: acceptance test 1 - semantics + cross-test invariants (IAM-707)
  ---
  duration_ms: 19.524584
  ...
# Subtest: acceptance/test-02-passrole-condition-lambda-not-ec2.json: acceptance test 2 - semantics + cross-test invariants (IAM-707)
ok 267 - acceptance/test-02-passrole-condition-lambda-not-ec2.json: acceptance test 2 - semantics + cross-test invariants (IAM-707)
  ---
  duration_ms: 7.587958
  ...
# Subtest: acceptance/test-03-separate-lambda-techniques.json: acceptance test 3 - semantics + cross-test invariants (IAM-707)
ok 268 - acceptance/test-03-separate-lambda-techniques.json: acceptance test 3 - semantics + cross-test invariants (IAM-707)
  ---
  duration_ms: 29.289625
  ...
# Subtest: acceptance/test-04-policy-version-object-statement.json: acceptance test 4 - semantics + cross-test invariants (IAM-707)
ok 269 - acceptance/test-04-policy-version-object-statement.json: acceptance test 4 - semantics + cross-test invariants (IAM-707)
  ---
  duration_ms: 3.616583
  ...
# Subtest: acceptance/test-05-access-key-creation.json: acceptance test 5 - semantics + cross-test invariants (IAM-707)
ok 270 - acceptance/test-05-access-key-creation.json: acceptance test 5 - semantics + cross-test invariants (IAM-707)
  ---
  duration_ms: 2.744667
  ...
# Subtest: acceptance/test-06-broad-cross-account-assumerole.json: acceptance test 6 - semantics + cross-test invariants (IAM-707)
ok 271 - acceptance/test-06-broad-cross-account-assumerole.json: acceptance test 6 - semantics + cross-test invariants (IAM-707)
  ---
  duration_ms: 3.627208
  ...
# Subtest: acceptance/test-07-s3-read-constrained-by-kms.json: acceptance test 7 - semantics + cross-test invariants (IAM-707)
ok 272 - acceptance/test-07-s3-read-constrained-by-kms.json: acceptance test 7 - semantics + cross-test invariants (IAM-707)
  ---
  duration_ms: 1.995167
  ...
# Subtest: acceptance/test-08-explicit-deny-no-capability-edge.json: acceptance test 8 - semantics + cross-test invariants (IAM-707)
ok 273 - acceptance/test-08-explicit-deny-no-capability-edge.json: acceptance test 8 - semantics + cross-test invariants (IAM-707)
  ---
  duration_ms: 3.378375
  ...
# Subtest: acceptance/test-09-partial-deny-residual-destroy.json: acceptance test 9 - semantics + cross-test invariants (IAM-707)
ok 274 - acceptance/test-09-partial-deny-residual-destroy.json: acceptance test 9 - semantics + cross-test invariants (IAM-707)
  ---
  duration_ms: 3.500625
  ...
# Subtest: acceptance/test-10-negated-org-condition-trust.json: acceptance test 10 - semantics + cross-test invariants (IAM-707)
ok 275 - acceptance/test-10-negated-org-condition-trust.json: acceptance test 10 - semantics + cross-test invariants (IAM-707)
  ---
  duration_ms: 6.818917
  ...
# Subtest: acceptance/test-11-case-scalar-passrole-ec2.json: acceptance test 11 - semantics + cross-test invariants (IAM-707)
ok 276 - acceptance/test-11-case-scalar-passrole-ec2.json: acceptance test 11 - semantics + cross-test invariants (IAM-707)
  ---
  duration_ms: 0.987375
  ...
# Subtest: acceptance/test-12-iam-star-dedup.json: acceptance test 12 - semantics + cross-test invariants (IAM-707)
ok 277 - acceptance/test-12-iam-star-dedup.json: acceptance test 12 - semantics + cross-test invariants (IAM-707)
  ---
  duration_ms: 5.856542
  ...
# Subtest: acceptance/test-13-notaction-allow-complement.json: acceptance test 13 - semantics + cross-test invariants (IAM-707)
ok 278 - acceptance/test-13-notaction-allow-complement.json: acceptance test 13 - semantics + cross-test invariants (IAM-707)
  ---
  duration_ms: 3.824791
  ...
# Subtest: acceptance/test-14-notresource-allow-complement.json: acceptance test 14 - semantics + cross-test invariants (IAM-707)
ok 279 - acceptance/test-14-notresource-allow-complement.json: acceptance test 14 - semantics + cross-test invariants (IAM-707)
  ---
  duration_ms: 1.473541
  ...
# Subtest: acceptance/test-15-public-role-trust.json: acceptance test 15 - semantics + cross-test invariants (IAM-707)
ok 280 - acceptance/test-15-public-role-trust.json: acceptance test 15 - semantics + cross-test invariants (IAM-707)
  ---
  duration_ms: 0.848
  ...
# Subtest: acceptance/test-16-externalid-trust.json: acceptance test 16 - semantics + cross-test invariants (IAM-707)
ok 281 - acceptance/test-16-externalid-trust.json: acceptance test 16 - semantics + cross-test invariants (IAM-707)
  ---
  duration_ms: 1.384208
  ...
# Subtest: acceptance/test-17-oidc-trust.json: acceptance test 17 - semantics + cross-test invariants (IAM-707)
ok 282 - acceptance/test-17-oidc-trust.json: acceptance test 17 - semantics + cross-test invariants (IAM-707)
  ---
  duration_ms: 1.707209
  ...
# Subtest: acceptance/test-18-service-trust-negative-control.json: acceptance test 18 - semantics + cross-test invariants (IAM-707)
ok 283 - acceptance/test-18-service-trust-negative-control.json: acceptance test 18 - semantics + cross-test invariants (IAM-707)
  ---
  duration_ms: 0.755
  ...
# Subtest: acceptance/test-19-scp-fail-closed.json: acceptance test 19 - semantics + cross-test invariants (IAM-707)
ok 284 - acceptance/test-19-scp-fail-closed.json: acceptance test 19 - semantics + cross-test invariants (IAM-707)
  ---
  duration_ms: 0.582
  ...
# Subtest: acceptance/test-20-mixed-policy-family.json: acceptance test 20 - semantics + cross-test invariants (IAM-707)
ok 285 - acceptance/test-20-mixed-policy-family.json: acceptance test 20 - semantics + cross-test invariants (IAM-707)
  ---
  duration_ms: 0.210333
  ...
# Subtest: acceptance/test-21-policy-variable-scoped-read.json: acceptance test 21 - semantics + cross-test invariants (IAM-707)
ok 286 - acceptance/test-21-policy-variable-scoped-read.json: acceptance test 21 - semantics + cross-test invariants (IAM-707)
  ---
  duration_ms: 5.517084
  ...
# Subtest: acceptance/test-22a-malformed-json.json: acceptance test 22A - semantics + cross-test invariants (IAM-707)
ok 287 - acceptance/test-22a-malformed-json.json: acceptance test 22A - semantics + cross-test invariants (IAM-707)
  ---
  duration_ms: 0.43875
  ...
# Subtest: acceptance/test-22b-missing-effect-action.json: acceptance test 22B - semantics + cross-test invariants (IAM-707)
ok 288 - acceptance/test-22b-missing-effect-action.json: acceptance test 22B - semantics + cross-test invariants (IAM-707)
  ---
  duration_ms: 0.12425
  ...
# Subtest: acceptance/test-22c-unsupported-version.json: acceptance test 22C - semantics + cross-test invariants (IAM-707)
ok 289 - acceptance/test-22c-unsupported-version.json: acceptance test 22C - semantics + cross-test invariants (IAM-707)
  ---
  duration_ms: 1.019
  ...
# Subtest: acceptance/test-23-duplicate-subsumed.json: acceptance test 23 - semantics + cross-test invariants (IAM-707)
ok 290 - acceptance/test-23-duplicate-subsumed.json: acceptance test 23 - semantics + cross-test invariants (IAM-707)
  ---
  duration_ms: 9.156667
  ...
# Subtest: acceptance/test-24-graph-semantic-typing.json: acceptance test 24 - semantics + cross-test invariants (IAM-707)
ok 291 - acceptance/test-24-graph-semantic-typing.json: acceptance test 24 - semantics + cross-test invariants (IAM-707)
  ---
  duration_ms: 26.471
  ...
# Subtest: every action.yml input is documented in ACTION.md
ok 292 - every action.yml input is documented in ACTION.md
  ---
  duration_ms: 7.187416
  ...
# Subtest: every action.yml output is documented in ACTION.md
ok 293 - every action.yml output is documented in ACTION.md
  ---
  duration_ms: 0.148834
  ...
# Subtest: the full 0/1/2/3/4 exit-code contract is documented
ok 294 - the full 0/1/2/3/4 exit-code contract is documented
  ---
  duration_ms: 0.49675
  ...
# Subtest: exit-code table assigns a bad/unsupported family to exit 3, not exit 2
ok 295 - exit-code table assigns a bad/unsupported family to exit 3, not exit 2
  ---
  duration_ms: 0.223334
  ...
# Subtest: documented input limits match the engine LIMITS
ok 296 - documented input limits match the engine LIMITS
  ---
  duration_ms: 0.116417
  ...
# Subtest: core positioning and permissions guidance are present
ok 297 - core positioning and permissions guidance are present
  ---
  duration_ms: 0.184875
  ...
# Subtest: security guidance: SHA pinning and pull_request_target warning
ok 298 - security guidance: SHA pinning and pull_request_target warning
  ---
  duration_ms: 0.065167
  ...
# Subtest: all seven supported families are documented
ok 299 - all seven supported families are documented
  ---
  duration_ms: 0.063791
  ...
# Subtest: ACTION.md is ASCII-only
ok 300 - ACTION.md is ASCII-only
  ---
  duration_ms: 0.63175
  ...
# Subtest: no Marketplace publishing steps leaked into ACTION.md
ok 301 - no Marketplace publishing steps leaked into ACTION.md
  ---
  duration_ms: 0.349375
  ...
# Subtest: README links to ACTION.md
ok 302 - README links to ACTION.md
  ---
  duration_ms: 0.126083
  ...
# Subtest: getInput maps hyphenated input names to INPUT_* env vars (GitHub transform)
ok 303 - getInput maps hyphenated input names to INPUT_* env vars (GitHub transform)
  ---
  duration_ms: 1.827417
  ...
# Subtest: getInput also accepts an underscore variant defensively
ok 304 - getInput also accepts an underscore variant defensively
  ---
  duration_ms: 0.302791
  ...
# Subtest: readInputs applies action.yml defaults (fail-on high, sarif-output)
ok 305 - readInputs applies action.yml defaults (fail-on high, sarif-output)
  ---
  duration_ms: 0.312375
  ...
# Subtest: readInputs: an OMITTED partition stays UNASSERTED (empty string), NOT defaulted to aws
ok 306 - readInputs: an OMITTED partition stays UNASSERTED (empty string), NOT defaulted to aws
  ---
  duration_ms: 0.215458
  ...
# Subtest: readInputs: an EXPLICIT partition is preserved verbatim (caller asserted it)
ok 307 - readInputs: an EXPLICIT partition is preserved verbatim (caller asserted it)
  ---
  duration_ms: 0.150292
  ...
# Subtest: splitPaths splits newlines, trims, and drops blanks
ok 308 - splitPaths splits newlines, trims, and drops blanks
  ---
  duration_ms: 1.258916
  ...
# Subtest: hasMagic detects glob metacharacters
ok 309 - hasMagic detects glob metacharacters
  ---
  duration_ms: 0.127125
  ...
# Subtest: globToRegExp: ** matches any depth incl. zero; * stays within a segment
ok 310 - globToRegExp: ** matches any depth incl. zero; * stays within a segment
  ---
  duration_ms: 0.233708
  ...
# Subtest: resolveFiles: literal + glob resolve to a sorted, de-duplicated set
ok 311 - resolveFiles: literal + glob resolve to a sorted, de-duplicated set
  ---
  duration_ms: 0.331209
  ...
# Subtest: resolveFiles: no patterns -> MISSING_PATHS usage error
ok 312 - resolveFiles: no patterns -> MISSING_PATHS usage error
  ---
  duration_ms: 1.4515
  ...
# Subtest: resolveFiles: a named literal file that is absent -> MISSING_FILE (fail closed)
ok 313 - resolveFiles: a named literal file that is absent -> MISSING_FILE (fail closed)
  ---
  duration_ms: 0.24775
  ...
# Subtest: resolveFiles: an all-empty glob -> NO_FILES_MATCHED usage error, never clean
ok 314 - resolveFiles: an all-empty glob -> NO_FILES_MATCHED usage error, never clean
  ---
  duration_ms: 7.453875
  ...
# Subtest: worstExitCode: any 1 dominates 0; any 3 dominates 1; 4 dominates all
ok 315 - worstExitCode: any 1 dominates 0; any 3 dominates 1; 4 dominates all
  ---
  duration_ms: 0.244917
  ...
# Subtest: worstExitCode: a garbage/out-of-range code fails closed to INTERNAL, never 0
ok 316 - worstExitCode: a garbage/out-of-range code fails closed to INTERNAL, never 0
  ---
  duration_ms: 0.199
  ...
# Subtest: aggregateStatus: failed dominates partial dominates complete
ok 317 - aggregateStatus: failed dominates partial dominates complete
  ---
  duration_ms: 0.161667
  ...
# Subtest: runAction: a single clean policy -> exit 0, status complete
ok 318 - runAction: a single clean policy -> exit 0, status complete
  ---
  duration_ms: 4.168042
  ...
# Subtest: runAction: a policy with blocking findings -> exit 1
ok 319 - runAction: a policy with blocking findings -> exit 1
  ---
  duration_ms: 2.51525
  ...
# Subtest: runAction: a malformed policy FAILS CLOSED (exit 3), NEVER collapses to 0
ok 320 - runAction: a malformed policy FAILS CLOSED (exit 3), NEVER collapses to 0
  ---
  duration_ms: 0.245084
  ...
# Subtest: runAction: multi-file where ONE file is fail-closed -> aggregate exit 3 (worst)
ok 321 - runAction: multi-file where ONE file is fail-closed -> aggregate exit 3 (worst)
  ---
  duration_ms: 1.993834
  ...
# Subtest: runAction: multi-file clean + findings -> exit 1; counts are summed
ok 322 - runAction: multi-file clean + findings -> exit 1; counts are summed
  ---
  duration_ms: 1.66875
  ...
# Subtest: runAction: fail-closed does NOT lose to a sibling findings file (3 beats 1)
ok 323 - runAction: fail-closed does NOT lose to a sibling findings file (3 beats 1)
  ---
  duration_ms: 1.057084
  ...
# Subtest: runAction: cross-partition PassRole with partition OMITTED FAILS CLOSED (exit 3), NEVER green
ok 324 - runAction: cross-partition PassRole with partition OMITTED FAILS CLOSED (exit 3), NEVER green
  ---
  duration_ms: 1.712083
  ...
# Subtest: runAction: an EXPLICITLY asserted partition re-enables the confident verdict
ok 325 - runAction: an EXPLICITLY asserted partition re-enables the confident verdict
  ---
  duration_ms: 1.139792
  ...
# Subtest: runAction: a BOGUS partition token is NOT trusted as an assertion (still fails closed)
ok 326 - runAction: a BOGUS partition token is NOT trusted as an assertion (still fails closed)
  ---
  duration_ms: 0.604833
  ...
# Subtest: runAction: an empty/missing glob is a usage error (exit 2), not clean
ok 327 - runAction: an empty/missing glob is a usage error (exit 2), not clean
  ---
  duration_ms: 0.124958
  ...
# Subtest: runAction: missing paths input -> exit 2
ok 328 - runAction: missing paths input -> exit 2
  ---
  duration_ms: 0.064209
  ...
# Subtest: runAction: missing family input -> exit 2 (never auto-detected)
ok 329 - runAction: missing family input -> exit 2 (never auto-detected)
  ---
  duration_ms: 0.050292
  ...
# Subtest: runAction: a named literal missing file -> exit 2 (fail closed)
ok 330 - runAction: a named literal missing file -> exit 2 (fail closed)
  ---
  duration_ms: 0.107125
  ...
# Subtest: runAction: an empty policy file is a per-unit usage error (exit 2), not clean
ok 331 - runAction: an empty policy file is a per-unit usage error (exit 2), not clean
  ---
  duration_ms: 0.185542
  ...
# Subtest: runAction: a scan that THROWS never becomes exit 0 (per-file internal, exit 4)
ok 332 - runAction: a scan that THROWS never becomes exit 0 (per-file internal, exit 4)
  ---
  duration_ms: 0.460625
  ...
# Subtest: runAction: a scan returning a garbage exit code fails closed to INTERNAL
ok 333 - runAction: a scan returning a garbage exit code fails closed to INTERNAL
  ---
  duration_ms: 0.19275
  ...
# Subtest: runAction: an internal error inside the wrapper never yields exit 0
ok 334 - runAction: an internal error inside the wrapper never yields exit 0
  ---
  duration_ms: 0.29825
  ...
# Subtest: runAction: outputs carry the full contract set
ok 335 - runAction: outputs carry the full contract set
  ---
  duration_ms: 0.981334
  ...
# Subtest: buildAggregateSarif: one run per file; fail-closed file carries an analyzer-state result
ok 336 - buildAggregateSarif: one run per file; fail-closed file carries an analyzer-state result
  ---
  duration_ms: 0.665708
  ...
# Subtest: buildAggregateSarif: a config error produces a single descriptive run, not empty/clean
ok 337 - buildAggregateSarif: a config error produces a single descriptive run, not empty/clean
  ---
  duration_ms: 0.216125
  ...
# Subtest: formatOutputs: single-line scalars render as name=value lines
ok 338 - formatOutputs: single-line scalars render as name=value lines
  ---
  duration_ms: 0.198333
  ...
# Subtest: formatOutputs: a value containing a newline uses the heredoc delimiter form
ok 339 - formatOutputs: a value containing a newline uses the heredoc delimiter form
  ---
  duration_ms: 0.1635
  ...
# Subtest: formatSummary: PASS only when exit 0; carries no policy content
ok 340 - formatSummary: PASS only when exit 0; carries no policy content
  ---
  duration_ms: 0.069458
  ...
# Subtest: emitArtifacts: writes SARIF FIRST, then outputs, then summary
ok 341 - emitArtifacts: writes SARIF FIRST, then outputs, then summary
  ---
  duration_ms: 3.073041
  ...
# Subtest: emitArtifacts: skips GITHUB_OUTPUT append when the env var is absent
ok 342 - emitArtifacts: skips GITHUB_OUTPUT append when the env var is absent
  ---
  duration_ms: 0.615084
  ...
# Subtest: emitArtifacts: a sink failure is captured, not thrown (caller decides exit)
ok 343 - emitArtifacts: a sink failure is captured, not thrown (caller decides exit)
  ---
  duration_ms: 0.260041
  ...
# Subtest: runAction is deterministic: same inputs -> identical outputs + SARIF
ok 344 - runAction is deterministic: same inputs -> identical outputs + SARIF
  ---
  duration_ms: 1.108791
  ...
# Subtest: known-good fixture: clean-identity.json -> exit 0, status complete, SARIF 2.1.0
ok 345 - known-good fixture: clean-identity.json -> exit 0, status complete, SARIF 2.1.0
  ---
  duration_ms: 9.53075
  ...
# Subtest: known-bad fixture: admin-identity.json -> exit 1 and SARIF carries ruleId DIRECT-IAM-ADMIN
ok 346 - known-bad fixture: admin-identity.json -> exit 1 and SARIF carries ruleId DIRECT-IAM-ADMIN
  ---
  duration_ms: 4.37775
  ...
# Subtest: malformed fixture: malformed.json FAILS CLOSED -> exit 3, NEVER 0 (adversarial)
ok 347 - malformed fixture: malformed.json FAILS CLOSED -> exit 3, NEVER 0 (adversarial)
  ---
  duration_ms: 0.827
  ...
# Subtest: usage-error case: empty family -> exit 2 (never auto-detected)
ok 348 - usage-error case: empty family -> exit 2 (never auto-detected)
  ---
  duration_ms: 0.214875
  ...
# Subtest: workflow: exists, least-privilege permissions, and runs the LOCAL action
ok 349 - workflow: exists, least-privilege permissions, and runs the LOCAL action
  ---
  duration_ms: 0.395375
  ...
# Subtest: workflow: the MALFORMED case asserts exit-code 3 AND explicitly not 0 (adversarial guard)
ok 350 - workflow: the MALFORMED case asserts exit-code 3 AND explicitly not 0 (adversarial guard)
  ---
  duration_ms: 0.115209
  ...
# Subtest: workflow: each failing case checks step outcome == failure (not just conclusion)
ok 351 - workflow: each failing case checks step outcome == failure (not just conclusion)
  ---
  duration_ms: 0.148625
  ...
# Subtest: workflow: references every checked-in fixture and the ruleId its fixture produces
ok 352 - workflow: references every checked-in fixture and the ruleId its fixture produces
  ---
  duration_ms: 0.080375
  ...
# Subtest: fixtures: clean + admin are valid JSON; malformed is NOT parseable JSON
ok 353 - fixtures: clean + admin are valid JSON; malformed is NOT parseable JSON
  ---
  duration_ms: 1.297292
  ...
# Subtest: analyze() returns a frozen, well-shaped result for every fixture and never throws
ok 354 - analyze() returns a frozen, well-shaped result for every fixture and never throws
  ---
  duration_ms: 171.27525
  ...
# Subtest: analyze() produces expected findingIds and omits notFindingIds
ok 355 - analyze() produces expected findingIds and omits notFindingIds
  ---
  duration_ms: 155.543208
  ...
# Subtest: analyze() is deterministic (same input -> deep-equal output, twice)
ok 356 - analyze() is deterministic (same input -> deep-equal output, twice)
  ---
  duration_ms: 259.694667
  ...
# Subtest: every finding carries the canonical fields the table + export rely on
ok 357 - every finding carries the canonical fields the table + export rely on
  ---
  duration_ms: 122.200042
  ...
# Subtest: hostile SIDs/ARNs pass through as inert verbatim data
ok 358 - hostile SIDs/ARNs pass through as inert verbatim data
  ---
  duration_ms: 0.223708
  ...
# Subtest: summarize() matches expected counts + highest-risk path for annotated fixtures
ok 359 - summarize() matches expected counts + highest-risk path for annotated fixtures
  ---
  duration_ms: 19.556291
  ...
# Subtest: summarize() total equals the finding count for every fixture
ok 360 - summarize() total equals the finding count for every fixture
  ---
  duration_ms: 68.91225
  ...
# Subtest: summarize() is deterministic and safe on empty / missing input
ok 361 - summarize() is deterministic and safe on empty / missing input
  ---
  duration_ms: 0.114416
  ...
# Subtest: summarize() counts never exceed the finding count (curated, not double-counted)
ok 362 - summarize() counts never exceed the finding count (curated, not double-counted)
  ---
  duration_ms: 160.175083
  ...
# Subtest: oversized-statements fixture: validate() errors, analyze() ok:false, no hang
ok 363 - oversized-statements fixture: validate() errors, analyze() ok:false, no hang
  ---
  duration_ms: 5.260708
  ...
# Subtest: a 20000-statement policy resolves (rejected) well under 5s, never hangs
ok 364 - a 20000-statement policy resolves (rejected) well under 5s, never hangs
  ---
  duration_ms: 1.595625
  ...
# Subtest: LIMITS.MAX_STATEMENTS is the documented cap the fixture sits just past
ok 365 - LIMITS.MAX_STATEMENTS is the documented cap the fixture sits just past
  ---
  duration_ms: 0.309667
  ...
# Subtest: malformed input fails gracefully with structured errors and empty output
ok 366 - malformed input fails gracefully with structured errors and empty output
  ---
  duration_ms: 0.232125
  ...
# Subtest: analyze() never throws on non-string / empty / junk input
ok 367 - analyze() never throws on non-string / empty / junk input
  ---
  duration_ms: 0.100125
  ...
# Subtest: compound escalation paths subsume subordinate wildcard rows (IAM-105)
ok 368 - compound escalation paths subsume subordinate wildcard rows (IAM-105)
  ---
  duration_ms: 25.581083
  ...
# Subtest: single-action escalation primitives carry no COMPOUND-PATH checklist (IAM-105 / IAM-705)
ok 369 - single-action escalation primitives carry no COMPOUND-PATH checklist (IAM-105 / IAM-705)
  ---
  duration_ms: 0.499333
  ...
# Subtest: findingToRow returns one string cell per column, in column order
ok 370 - findingToRow returns one string cell per column, in column order
  ---
  duration_ms: 0.468416
  ...
# Subtest: sortFindings orders by severity, then statement index, deterministically
ok 371 - sortFindings orders by severity, then statement index, deterministically
  ---
  duration_ms: 0.159208
  ...
# Subtest: browser import graph contains ZERO node:/built-in/global-usage violations
ok 372 - browser import graph contains ZERO node:/built-in/global-usage violations
  ---
  duration_ms: 16.692083
  ...
# Subtest: the graph walk actually traversed the engine (guards against a vacuous pass)
ok 373 - the graph walk actually traversed the engine (guards against a vacuous pass)
  ---
  duration_ms: 4.497417
  ...
# Subtest: findViolations flags every Node-tainting form
ok 374 - findViolations flags every Node-tainting form
  ---
  duration_ms: 0.359459
  ...
# Subtest: findViolations does NOT false-positive on browser-legit prose/DOM patterns
ok 375 - findViolations does NOT false-positive on browser-legit prose/DOM patterns
  ---
  duration_ms: 0.177334
  ...
# Subtest: a node:fs import buried in a transitive dependency is caught by the walk
ok 376 - a node:fs import buried in a transitive dependency is caught by the walk
  ---
  duration_ms: 3.104708
  ...
# Subtest: a clean synthetic graph produces no violations (no false alarm end-to-end)
ok 377 - a clean synthetic graph produces no violations (no false alarm end-to-end)
  ---
  duration_ms: 1.176917
  ...
# Subtest: catalog exposes a dated snapshot version + date
ok 378 - catalog exposes a dated snapshot version + date
  ---
  duration_ms: 0.559917
  ...
# Subtest: hasService / hasAction resolve case-insensitively
ok 379 - hasService / hasAction resolve case-insensitively
  ---
  duration_ms: 0.397541
  ...
# Subtest: lookup: known concrete action carries service + name + access level
ok 380 - lookup: known concrete action carries service + name + access level
  ---
  duration_ms: 0.465667
  ...
# Subtest: lookup: unknown action on a KNOWN service is knownService but not known
ok 381 - lookup: unknown action on a KNOWN service is knownService but not known
  ---
  duration_ms: 0.157042
  ...
# Subtest: lookup: unknown service is neither known nor knownService
ok 382 - lookup: unknown service is neither known nor knownService
  ---
  duration_ms: 0.177541
  ...
# Subtest: lookup: wildcards resolve to wildcard:true, never "unknown"
ok 383 - lookup: wildcards resolve to wildcard:true, never "unknown"
  ---
  duration_ms: 0.3375
  ...
# Subtest: lookup: malformed (no service:action) token is unknown, never throws
ok 384 - lookup: malformed (no service:action) token is unknown, never throws
  ---
  duration_ms: 0.344375
  ...
# Subtest: unrecognizedActions: reports concrete unknowns, skips wildcards, sorts + dedups
ok 385 - unrecognizedActions: reports concrete unknowns, skips wildcards, sorts + dedups
  ---
  duration_ms: 3.179084
  ...
# Subtest: unrecognizedActions: scans NotAction too
ok 386 - unrecognizedActions: scans NotAction too
  ---
  duration_ms: 1.151875
  ...
# Subtest: unrecognizedActions: a fully-recognized policy yields none
ok 387 - unrecognizedActions: a fully-recognized policy yields none
  ---
  duration_ms: 0.996083
  ...
# Subtest: unrecognizedActions: deterministic + tolerant of null model
ok 388 - unrecognizedActions: deterministic + tolerant of null model
  ---
  duration_ms: 0.382333
  ...
# Subtest: catalog is swappable behind the interface (a replacement provider is honored)
ok 389 - catalog is swappable behind the interface (a replacement provider is honored)
  ---
  duration_ms: 0.248334
  ...
# Subtest: analyze(): an unknown action surfaces in coverage with the catalog version
ok 390 - analyze(): an unknown action surfaces in coverage with the catalog version
  ---
  duration_ms: 5.712625
  ...
# Subtest: analyze(): a fully-recognized policy reports no unknown actions + stays complete
ok 391 - analyze(): a fully-recognized policy reports no unknown actions + stays complete
  ---
  duration_ms: 1.007
  ...
# Subtest: exports carry the unknown action + the dated catalog version
ok 392 - exports carry the unknown action + the dated catalog version
  ---
  duration_ms: 1.957666
  ...
# Subtest: unknown actions never suppress a finding (unsupported != safe)
ok 393 - unknown actions never suppress a finding (unsupported != safe)
  ---
  duration_ms: 14.286833
  ...
# Subtest: EXIT-CODE MATRIX: 0 = analyzed, no findings at/above threshold
ok 394 - EXIT-CODE MATRIX: 0 = analyzed, no findings at/above threshold
  ---
  duration_ms: 8.23825
  ...
# Subtest: EXIT-CODE MATRIX: 1 = analyzed, findings at/above threshold
ok 395 - EXIT-CODE MATRIX: 1 = analyzed, findings at/above threshold
  ---
  duration_ms: 4.407917
  ...
# Subtest: EXIT-CODE MATRIX: 2 = usage/config error (missing --family)
ok 396 - EXIT-CODE MATRIX: 2 = usage/config error (missing --family)
  ---
  duration_ms: 0.118083
  ...
# Subtest: EXIT-CODE MATRIX: 3 = fail-closed could-not-analyze (malformed input)
ok 397 - EXIT-CODE MATRIX: 3 = fail-closed could-not-analyze (malformed input)
  ---
  duration_ms: 0.582209
  ...
# Subtest: EXIT-CODE MATRIX: 4 = internal invariant error (scan reports INTERNAL)
ok 398 - EXIT-CODE MATRIX: 4 = internal invariant error (scan reports INTERNAL)
  ---
  duration_ms: 0.45075
  ...
# Subtest: EXIT-CODE MATRIX is exhaustive: every code 0..4 is producible
ok 399 - EXIT-CODE MATRIX is exhaustive: every code 0..4 is producible
  ---
  duration_ms: 14.030417
  ...
# Subtest: missing --family is exit 2 and is NEVER auto-detected as identity
ok 400 - missing --family is exit 2 and is NEVER auto-detected as identity
  ---
  duration_ms: 0.192959
  ...
# Subtest: --family auto is refused (exit 2), not treated as auto-detection
ok 401 - --family auto is refused (exit 2), not treated as auto-detection
  ---
  duration_ms: 1.817042
  ...
# Subtest: an unknown --family value is a usage error (exit 2), never analyzed
ok 402 - an unknown --family value is a usage error (exit 2), never analyzed
  ---
  duration_ms: 1.965083
  ...
# Subtest: a fail-closed malformed input is exit 3, never 0
ok 403 - a fail-closed malformed input is exit 3, never 0
  ---
  duration_ms: 3.665084
  ...
# Subtest: an unsupported family/shape is exit 3, never 0
ok 404 - an unsupported family/shape is exit 3, never 0
  ---
  duration_ms: 0.463208
  ...
# Subtest: an unknown-viability finding is exit 3, never 0
ok 405 - an unknown-viability finding is exit 3, never 0
  ---
  duration_ms: 3.687
  ...
# Subtest: --threshold none does NOT turn a malformed fail-closed 3 into 0
ok 406 - --threshold none does NOT turn a malformed fail-closed 3 into 0
  ---
  duration_ms: 0.496667
  ...
# Subtest: --threshold none does NOT turn an unknown-viability partial into 0
ok 407 - --threshold none does NOT turn an unknown-viability partial into 0
  ---
  duration_ms: 3.640375
  ...
# Subtest: --threshold none DOES yield exit 0 for a genuinely complete analysis with findings
ok 408 - --threshold none DOES yield exit 0 for a genuinely complete analysis with findings
  ---
  duration_ms: 2.023041
  ...
# Subtest: cross-partition PassRole with subject account but NO --partition -> exit 3 (no injected aws)
ok 409 - cross-partition PassRole with subject account but NO --partition -> exit 3 (no injected aws)
  ---
  duration_ms: 2.83075
  ...
# Subtest: an unrecognized --partition token is treated as omitted -> still exit 3
ok 410 - an unrecognized --partition token is treated as omitted -> still exit 3
  ---
  duration_ms: 1.947209
  ...
# Subtest: explicit --partition aws-us-gov resolves the path as viable -> exit 1
ok 411 - explicit --partition aws-us-gov resolves the path as viable -> exit 1
  ---
  duration_ms: 0.690417
  ...
# Subtest: explicit --partition aws is a CONFIDENT mismatch -> complete, exit 0
ok 412 - explicit --partition aws is a CONFIDENT mismatch -> complete, exit 0
  ---
  duration_ms: 0.393
  ...
# Subtest: --format sarif preserves the exit code across the whole matrix
ok 413 - --format sarif preserves the exit code across the whole matrix
  ---
  duration_ms: 2.100792
  ...
# Subtest: SARIF of a fail-closed run carries an analyzer-state result with NO security-severity
ok 414 - SARIF of a fail-closed run carries an analyzer-state result with NO security-severity
  ---
  duration_ms: 0.153583
  ...
# Subtest: masked-condition full-admin fail-open exits 3 through the CLI (JSON and SARIF), never 0
ok 415 - masked-condition full-admin fail-open exits 3 through the CLI (JSON and SARIF), never 0
  ---
  duration_ms: 1.891208
  ...
# Subtest: E2E: masked-condition full-admin fail-open exits 3 through a real process spawn
ok 416 - E2E: masked-condition full-admin fail-open exits 3 through a real process spawn
  ---
  duration_ms: 172.65925
  ...
# Subtest: empty-NotResource broad-resource fail-open exits 3 through the CLI (JSON and SARIF), never 0
ok 417 - empty-NotResource broad-resource fail-open exits 3 through the CLI (JSON and SARIF), never 0
  ---
  duration_ms: 1.596833
  ...
# Subtest: NotResource:[] and its Resource:"*" twin both FAIL the gate through the CLI (never one exit 0)
ok 418 - NotResource:[] and its Resource:"*" twin both FAIL the gate through the CLI (never one exit 0)
  ---
  duration_ms: 0.488792
  ...
# Subtest: E2E: empty-NotResource broad-resource fail-open exits 3 through a real process spawn
ok 419 - E2E: empty-NotResource broad-resource fail-open exits 3 through a real process spawn
  ---
  duration_ms: 235.036042
  ...
# Subtest: SARIF of a findings run maps severity to level + security-severity (security, not analysis-state)
ok 420 - SARIF of a findings run maps severity to level + security-severity (security, not analysis-state)
  ---
  duration_ms: 1.327291
  ...
# Subtest: SARIF envelope is structurally a SARIF 2.1.0 log
ok 421 - SARIF envelope is structurally a SARIF 2.1.0 log
  ---
  duration_ms: 0.713541
  ...
# Subtest: --artifact-uri overrides the SARIF location uri; default for stdin is "stdin"
ok 422 - --artifact-uri overrides the SARIF location uri; default for stdin is "stdin"
  ---
  duration_ms: 0.504209
  ...
# Subtest: reads the policy from a file argument
ok 423 - reads the policy from a file argument
  ---
  duration_ms: 1.387042
  ...
# Subtest: a missing/unreadable file is a usage error (exit 2), NOT a clean scan
ok 424 - a missing/unreadable file is a usage error (exit 2), NOT a clean scan
  ---
  duration_ms: 0.457458
  ...
# Subtest: empty STDIN with no file is a usage error (exit 2)
ok 425 - empty STDIN with no file is a usage error (exit 2)
  ---
  duration_ms: 0.28725
  ...
# Subtest: no file and an interactive TTY (no piped input) is a usage error (exit 2)
ok 426 - no file and an interactive TTY (no piped input) is a usage error (exit 2)
  ---
  duration_ms: 0.385125
  ...
# Subtest: analysis output goes to STDOUT; diagnostics go to STDERR
ok 427 - analysis output goes to STDOUT; diagnostics go to STDERR
  ---
  duration_ms: 1.20975
  ...
# Subtest: --output writes formatted output to a file and leaves STDOUT empty
ok 428 - --output writes formatted output to a file and leaves STDOUT empty
  ---
  duration_ms: 0.934292
  ...
# Subtest: --version prints the version and exits 0 without analyzing
ok 429 - --version prints the version and exits 0 without analyzing
  ---
  duration_ms: 0.247833
  ...
# Subtest: --version short-circuits even when --family is absent
ok 430 - --version short-circuits even when --family is absent
  ---
  duration_ms: 0.133458
  ...
# Subtest: --help prints usage and exits 0
ok 431 - --help prints usage and exits 0
  ---
  duration_ms: 0.111959
  ...
# Subtest: -h is an alias for --help
ok 432 - -h is an alias for --help
  ---
  duration_ms: 0.0965
  ...
# Subtest: an unknown flag is a usage error (exit 2)
ok 433 - an unknown flag is a usage error (exit 2)
  ---
  duration_ms: 0.059417
  ...
# Subtest: an invalid --format is a usage error (exit 2)
ok 434 - an invalid --format is a usage error (exit 2)
  ---
  duration_ms: 0.039
  ...
# Subtest: an invalid --threshold is a usage error (exit 2)
ok 435 - an invalid --threshold is a usage error (exit 2)
  ---
  duration_ms: 0.085166
  ...
# Subtest: more than one policy file is a usage error (exit 2)
ok 436 - more than one policy file is a usage error (exit 2)
  ---
  duration_ms: 0.038792
  ...
# Subtest: a value flag missing its value is a usage error (exit 2)
ok 437 - a value flag missing its value is a usage error (exit 2)
  ---
  duration_ms: 0.035875
  ...
# Subtest: parseArgs supports --flag=value and --flag value forms
ok 438 - parseArgs supports --flag=value and --flag value forms
  ---
  duration_ms: 0.037
  ...
# Subtest: parseArgs defaults: threshold=high, format=json, partition undefined (NOT aws)
ok 439 - parseArgs defaults: threshold=high, format=json, partition undefined (NOT aws)
  ---
  duration_ms: 0.041542
  ...
# Subtest: parseArgs treats "-" positional as STDIN (no file)
ok 440 - parseArgs treats "-" positional as STDIN (no file)
  ---
  duration_ms: 0.03425
  ...
# Subtest: CLI JSON output is deterministic (same argv + input -> byte-identical stdout)
ok 441 - CLI JSON output is deterministic (same argv + input -> byte-identical stdout)
  ---
  duration_ms: 0.977125
  ...
# Subtest: an unexpected throw in scan fails CLOSED to exit 4, never 0
ok 442 - an unexpected throw in scan fails CLOSED to exit 4, never 0
  ---
  duration_ms: 0.236333
  ...
# Subtest: an out-of-range exit code from scan fails CLOSED to exit 4, never 0
ok 443 - an out-of-range exit code from scan fails CLOSED to exit 4, never 0
  ---
  duration_ms: 0.150084
  ...
# Subtest: a formatting failure fails CLOSED (never downgrades a findings/fail-closed code to 0)
ok 444 - a formatting failure fails CLOSED (never downgrades a findings/fail-closed code to 0)
  ---
  duration_ms: 0.215958
  ...
# Subtest: run never throws on hostile argv
ok 445 - run never throws on hostile argv
  ---
  duration_ms: 0.299292
  ...
# Subtest: exit-code constants are stable
ok 446 - exit-code constants are stable
  ---
  duration_ms: 0.056042
  ...
# Subtest: toJsonReport surfaces the load-bearing verdict fields
ok 447 - toJsonReport surfaces the load-bearing verdict fields
  ---
  duration_ms: 0.051542
  ...
# Subtest: versionString is derived from the canonical manifest
ok 448 - versionString is derived from the canonical manifest
  ---
  duration_ms: 0.046875
  ...
# Subtest: E2E: the file is runnable and returns exit 0 for a clean policy (stdin)
ok 449 - E2E: the file is runnable and returns exit 0 for a clean policy (stdin)
  ---
  duration_ms: 75.242
  ...
# Subtest: E2E: exit 1 for findings, exit 3 for a fail-closed input
ok 450 - E2E: exit 1 for findings, exit 3 for a fail-closed input
  ---
  duration_ms: 206.022292
  ...
# Subtest: E2E: missing --family exits 2 (never auto-detected)
ok 451 - E2E: missing --family exits 2 (never auto-detected)
  ---
  duration_ms: 80.358625
  ...
# Subtest: E2E: cross-partition PassRole without --partition exits 3 (no injected aws default)
ok 452 - E2E: cross-partition PassRole without --partition exits 3 (no injected aws default)
  ---
  duration_ms: 102.256542
  ...
# Subtest: E2E: --version exits 0
ok 453 - E2E: --version exits 0
  ---
  duration_ms: 69.930334
  ...
# Subtest: SARIF envelope is a structurally valid SARIF 2.1.0 log (findings + analyzer-state)
ok 454 - SARIF envelope is a structurally valid SARIF 2.1.0 log (findings + analyzer-state)
  ---
  duration_ms: 20.08475
  ...
# Subtest: parseable SARIF: formatSarif emits pretty JSON with a trailing newline
ok 455 - parseable SARIF: formatSarif emits pretty JSON with a trailing newline
  ---
  duration_ms: 2.815542
  ...
# Subtest: every security result ruleId resolves to a reportingDescriptor of the SAME finding type
ok 456 - every security result ruleId resolves to a reportingDescriptor of the SAME finding type
  ---
  duration_ms: 1.045084
  ...
# Subtest: a reportingDescriptor is emitted per finding TYPE, not per instance
ok 457 - a reportingDescriptor is emitted per finding TYPE, not per instance
  ---
  duration_ms: 0.67475
  ...
# Subtest: severity maps to the documented level + security-severity; info omits it
ok 458 - severity maps to the documented level + security-severity; info omits it
  ---
  duration_ms: 0.986167
  ...
# Subtest: SARIF_SEVERITY table exactly matches the design doc mapping
ok 459 - SARIF_SEVERITY table exactly matches the design doc mapping
  ---
  duration_ms: 0.297084
  ...
# Subtest: security result carries policyFamily and the certainty the finding already reported
ok 460 - security result carries policyFamily and the certainty the finding already reported
  ---
  duration_ms: 1.87775
  ...
# Subtest: escalation finding surfaces its evidence rows in properties.evidence
ok 461 - escalation finding surfaces its evidence rows in properties.evidence
  ---
  duration_ms: 11.6785
  ...
# Subtest: location model: default uri is "stdin"; --artifact-uri overrides; file path used otherwise
ok 462 - location model: default uri is "stdin"; --artifact-uri overrides; file path used otherwise
  ---
  duration_ms: 8.958792
  ...
# Subtest: partialFingerprints are stable across whitespace AND object key order
ok 463 - partialFingerprints are stable across whitespace AND object key order
  ---
  duration_ms: 24.685916
  ...
# Subtest: partialFingerprints do NOT depend on the artifact uri (repo-relative vs absolute)
ok 464 - partialFingerprints do NOT depend on the artifact uri (repo-relative vs absolute)
  ---
  duration_ms: 4.611083
  ...
# Subtest: findingIdentity ignores message text and captures type/family/statement/action/resource
ok 465 - findingIdentity ignores message text and captures type/family/statement/action/resource
  ---
  duration_ms: 0.282
  ...
# Subtest: condition key ORDER does not change findingIdentity, but condition VALUES do
ok 466 - condition key ORDER does not change findingIdentity, but condition VALUES do
  ---
  duration_ms: 0.269875
  ...
# Subtest: golden: SARIF output is byte-identical across repeated builds (deterministic)
ok 467 - golden: SARIF output is byte-identical across repeated builds (deterministic)
  ---
  duration_ms: 1.823
  ...
# Subtest: golden: the admin-identity SARIF pins the load-bearing fields
ok 468 - golden: the admin-identity SARIF pins the load-bearing fields
  ---
  duration_ms: 1.860083
  ...
# Subtest: golden: a clean policy yields zero results and zero rules
ok 469 - golden: a clean policy yields zero results and zero rules
  ---
  duration_ms: 0.839166
  ...
# Subtest: adversarial: an analyzer-state result carries NO security-severity and is not a vuln
ok 470 - adversarial: an analyzer-state result carries NO security-severity and is not a vuln
  ---
  duration_ms: 1.218542
  ...
# Subtest: adversarial: a fail-closed run has NO security-category results (all could-not-analyze)
ok 471 - adversarial: a fail-closed run has NO security-category results (all could-not-analyze)
  ---
  duration_ms: 0.332625
  ...
# Subtest: adversarial: a fail-closed SARIF coincides with scan exit code 3
ok 472 - adversarial: a fail-closed SARIF coincides with scan exit code 3
  ---
  duration_ms: 3.664
  ...
# Subtest: adversarial: analyzer-state fingerprints key on state identity, not message text
ok 473 - adversarial: analyzer-state fingerprints key on state identity, not message text
  ---
  duration_ms: 0.146167
  ...
# Subtest: cli/sarif.mjs uses no Node built-ins, network, eval, or dynamic import
ok 474 - cli/sarif.mjs uses no Node built-ins, network, eval, or dynamic import
  ---
  duration_ms: 2.7935
  ...
# Subtest: clean identity policy -> complete, exit 0, no analyzer-states
ok 475 - clean identity policy -> complete, exit 0, no analyzer-states
  ---
  duration_ms: 10.216792
  ...
# Subtest: policy with a finding at/above threshold -> complete, exit 1
ok 476 - policy with a finding at/above threshold -> complete, exit 1
  ---
  duration_ms: 4.367833
  ...
# Subtest: threshold gates the 0-vs-1 decision for a complete analysis
ok 477 - threshold gates the 0-vs-1 decision for a complete analysis
  ---
  duration_ms: 2.619542
  ...
# Subtest: malformed JSON -> failed, exit 3, malformed analyzer-state
ok 478 - malformed JSON -> failed, exit 3, malformed analyzer-state
  ---
  duration_ms: 0.934791
  ...
# Subtest: unsupported family (resource without context) -> failed, exit 3
ok 479 - unsupported family (resource without context) -> failed, exit 3
  ---
  duration_ms: 0.687541
  ...
# Subtest: resource selected on an identity shape -> failed, exit 3
ok 480 - resource selected on an identity shape -> failed, exit 3
  ---
  duration_ms: 0.554666
  ...
# Subtest: an unrecognized family token is a usage error (exit 2), never analyzed
ok 481 - an unrecognized family token is a usage error (exit 2), never analyzed
  ---
  duration_ms: 0.1495
  ...
# Subtest: unknown-viability finding -> partial, exit 3, unknown analyzer-state (THE fail-open guard)
ok 482 - unknown-viability finding -> partial, exit 3, unknown analyzer-state (THE fail-open guard)
  ---
  duration_ms: 5.408584
  ...
# Subtest: supplying the subject account resolves viability -> complete
ok 483 - supplying the subject account resolves viability -> complete
  ---
  duration_ms: 1.425208
  ...
# Subtest: cross-partition PassRole, subject account but NO partition -> partial, exit 3 (fail-open guard)
ok 484 - cross-partition PassRole, subject account but NO partition -> partial, exit 3 (fail-open guard)
  ---
  duration_ms: 6.413708
  ...
# Subtest: aws-cn variant of the unconfirmed-partition path also fails closed -> exit 3
ok 485 - aws-cn variant of the unconfirmed-partition path also fails closed -> exit 3
  ---
  duration_ms: 0.749041
  ...
# Subtest: supplying the TRUE partition resolves the cross-partition path as viable -> exit 1
ok 486 - supplying the TRUE partition resolves the cross-partition path as viable -> exit 1
  ---
  duration_ms: 1.194291
  ...
# Subtest: EXPLICITLY asserting a different partition is a confirmed mismatch -> complete, exit 0
ok 487 - EXPLICITLY asserting a different partition is a confirmed mismatch -> complete, exit 0
  ---
  duration_ms: 1.968541
  ...
# Subtest: threshold none does NOT turn the unconfirmed-partition partial into exit 0
ok 488 - threshold none does NOT turn the unconfirmed-partition partial into exit 0
  ---
  duration_ms: 0.346584
  ...
# Subtest: unrecognized action -> partial, exit 3, incomplete analyzer-state
ok 489 - unrecognized action -> partial, exit 3, incomplete analyzer-state
  ---
  duration_ms: 1.46575
  ...
# Subtest: missing input text -> usage error, exit 2
ok 490 - missing input text -> usage error, exit 2
  ---
  duration_ms: 0.089917
  ...
# Subtest: missing family -> usage error, exit 2 (never auto-detected)
ok 491 - missing family -> usage error, exit 2 (never auto-detected)
  ---
  duration_ms: 0.053291
  ...
# Subtest: auto family selection is refused as a usage error, exit 2 (no auto-detection)
ok 492 - auto family selection is refused as a usage error, exit 2 (no auto-detection)
  ---
  duration_ms: 0.043917
  ...
# Subtest: unknown threshold token -> usage error, exit 2
ok 493 - unknown threshold token -> usage error, exit 2
  ---
  duration_ms: 0.042458
  ...
# Subtest: threshold none does not turn a malformed fail-closed into exit 0
ok 494 - threshold none does not turn a malformed fail-closed into exit 0
  ---
  duration_ms: 0.638292
  ...
# Subtest: threshold none does not turn an unknown-viability partial into exit 0
ok 495 - threshold none does not turn an unknown-viability partial into exit 0
  ---
  duration_ms: 0.956041
  ...
# Subtest: threshold none does not turn an incomplete-coverage partial into exit 0
ok 496 - threshold none does not turn an incomplete-coverage partial into exit 0
  ---
  duration_ms: 0.9585
  ...
# Subtest: threshold none DOES yield exit 0 for a genuinely complete analysis with findings
ok 497 - threshold none DOES yield exit 0 for a genuinely complete analysis with findings
  ---
  duration_ms: 0.792541
  ...
# Subtest: every fail-closed result carries at least one analyzer-state
ok 498 - every fail-closed result carries at least one analyzer-state
  ---
  duration_ms: 4.738833
  ...
# Subtest: analysisStatus is never complete when the exit code is 3
ok 499 - analysisStatus is never complete when the exit code is 3
  ---
  duration_ms: 1.552042
  ...
# Subtest: scan is deterministic (same input -> byte-identical structured result)
ok 500 - scan is deterministic (same input -> byte-identical structured result)
  ---
  duration_ms: 1.016375
  ...
# Subtest: scan never throws on hostile / weird inputs
ok 501 - scan never throws on hostile / weird inputs
  ---
  duration_ms: 0.165125
  ...
# Subtest: the result shape matches the P15-scan contract
ok 502 - the result shape matches the P15-scan contract
  ---
  duration_ms: 2.78825
  ...
# Subtest: empty-array NotAction complement (masked admin) -> failed, exit 3, never clean
ok 503 - empty-array NotAction complement (masked admin) -> failed, exit 3, never clean
  ---
  duration_ms: 0.718333
  ...
# Subtest: empty NotAction complement fails closed regardless of threshold (none/critical cannot downgrade)
ok 504 - empty NotAction complement fails closed regardless of threshold (none/critical cannot downgrade)
  ---
  duration_ms: 0.572292
  ...
# Subtest: empty NotAction complement is caught even when not the first statement
ok 505 - empty NotAction complement is caught even when not the first statement
  ---
  duration_ms: 0.147125
  ...
# Subtest: benign empty-array siblings are NOT flagged as fail-closed (no over-fire)
ok 506 - benign empty-array siblings are NOT flagged as fail-closed (no over-fire)
  ---
  duration_ms: 0.203042
  ...
# Subtest: empty NotAction complement scan is deterministic
ok 507 - empty NotAction complement scan is deterministic
  ---
  duration_ms: 0.116917
  ...
# Subtest: BOM-prefixed empty-NotAction admin STILL fails closed (exit 3), not clean
ok 508 - BOM-prefixed empty-NotAction admin STILL fails closed (exit 3), not clean
  ---
  duration_ms: 0.226541
  ...
# Subtest: BOM-prefixed masked admin matches the same result as without the BOM
ok 509 - BOM-prefixed masked admin matches the same result as without the BOM
  ---
  duration_ms: 0.100959
  ...
# Subtest: BOM-prefixed benign policy still analyzes clean (BOM strip does not over-fire)
ok 510 - BOM-prefixed benign policy still analyzes clean (BOM strip does not over-fire)
  ---
  duration_ms: 0.491792
  ...
# Subtest: BOM does not open the guard at any threshold
ok 511 - BOM does not open the guard at any threshold
  ---
  duration_ms: 0.268208
  ...
# Subtest: empty-array NotResource complement -> failed, exit 3, never clean
ok 512 - empty-array NotResource complement -> failed, exit 3, never clean
  ---
  duration_ms: 0.389834
  ...
# Subtest: NotResource:[] and its Resource:"*" twin both FAIL the gate (never one clean)
ok 513 - NotResource:[] and its Resource:"*" twin both FAIL the gate (never one clean)
  ---
  duration_ms: 0.222041
  ...
# Subtest: empty NotResource complement fails closed regardless of threshold (none cannot downgrade)
ok 514 - empty NotResource complement fails closed regardless of threshold (none cannot downgrade)
  ---
  duration_ms: 2.242125
  ...
# Subtest: empty NotResource complement is caught even when not the first statement
ok 515 - empty NotResource complement is caught even when not the first statement
  ---
  duration_ms: 0.207042
  ...
# Subtest: empty NotResource guard does NOT over-fire on benign siblings
ok 516 - empty NotResource guard does NOT over-fire on benign siblings
  ---
  duration_ms: 0.23475
  ...
# Subtest: empty NotResource complement scan is deterministic
ok 517 - empty NotResource complement scan is deterministic
  ---
  duration_ms: 0.165334
  ...
# Subtest: BOM-prefixed empty-NotResource complement STILL fails closed (exit 3), not clean
ok 518 - BOM-prefixed empty-NotResource complement STILL fails closed (exit 3), not clean
  ---
  duration_ms: 0.487875
  ...
# Subtest: bogus partition does NOT downgrade the cross-partition fail-closed (exit 3, not 0)
ok 519 - bogus partition does NOT downgrade the cross-partition fail-closed (exit 3, not 0)
  ---
  duration_ms: 17.09775
  ...
# Subtest: aws-cn role + subject match + partition "zzz" yields exit 3 (finding verify)
ok 520 - aws-cn role + subject match + partition "zzz" yields exit 3 (finding verify)
  ---
  duration_ms: 0.292458
  ...
# Subtest: a RECOGNIZED partition is still honored (aws-us-gov -> viable finding, exit 1)
ok 521 - a RECOGNIZED partition is still honored (aws-us-gov -> viable finding, exit 1)
  ---
  duration_ms: 0.626708
  ...
# Subtest: a RECOGNIZED mismatching partition is a confident complete verdict (aws -> exit 0)
ok 522 - a RECOGNIZED mismatching partition is a confident complete verdict (aws -> exit 0)
  ---
  duration_ms: 0.837916
  ...
# Subtest: exit-code constants are stable
ok 523 - exit-code constants are stable
  ---
  duration_ms: 0.109458
  ...
# Subtest: vacuous NotAction complement (empty/whitespace action tokens) fails closed, never clean
ok 524 - vacuous NotAction complement (empty/whitespace action tokens) fails closed, never clean
  ---
  duration_ms: 11.008875
  ...
# Subtest: vacuous NotAction complement stays fail-closed at every threshold
ok 525 - vacuous NotAction complement stays fail-closed at every threshold
  ---
  duration_ms: 9.649375
  ...
# Subtest: bogus subjectAccount does NOT resolve viability - stays unknown, exit 3 (fail-open guard)
ok 526 - bogus subjectAccount does NOT resolve viability - stays unknown, exit 3 (fail-open guard)
  ---
  duration_ms: 10.515958
  ...
# Subtest: only a VALID 12-digit subjectAccount resolves the unknown-viability path (exit 1)
ok 527 - only a VALID 12-digit subjectAccount resolves the unknown-viability path (exit 1)
  ---
  duration_ms: 1.606
  ...
# Subtest: duplicate-key JSON is rejected (fail closed, exit 3) - no parse divergence fail-open
ok 528 - duplicate-key JSON is rejected (fail closed, exit 3) - no parse divergence fail-open
  ---
  duration_ms: 0.302584
  ...
# Subtest: a __proto__ key neither pollutes the prototype nor opens a masked-admin fail-open
ok 529 - a __proto__ key neither pollutes the prototype nor opens a masked-admin fail-open
  ---
  duration_ms: 0.095125
  ...
# Subtest: non-string condition array member ([{}]/[null]) -> failed, exit 3, MALFORMED, never clean
ok 530 - non-string condition array member ([{}]/[null]) -> failed, exit 3, MALFORMED, never clean
  ---
  duration_ms: 8.442125
  ...
# Subtest: empty ForAnyValue array ([]) on an Allow -> partial, exit 3, INCOMPLETE trace, never clean
ok 531 - empty ForAnyValue array ([]) on an Allow -> partial, exit 3, INCOMPLETE trace, never clean
  ---
  duration_ms: 7.270625
  ...
# Subtest: masked-condition fail-open holds across MODELED keys and ForAnyValue operators
ok 532 - masked-condition fail-open holds across MODELED keys and ForAnyValue operators
  ---
  duration_ms: 2.401916
  ...
# Subtest: masked-condition fail-open holds for escalation/exfil shapes (not just Action:*)
ok 533 - masked-condition fail-open holds for escalation/exfil shapes (not just Action:*)
  ---
  duration_ms: 0.533459
  ...
# Subtest: masked-condition fail-open cannot be downgraded by any threshold (incl. none)
ok 534 - masked-condition fail-open cannot be downgraded by any threshold (incl. none)
  ---
  duration_ms: 7.055125
  ...
# Subtest: masked-condition fail-open is caught when it is NOT the first statement
ok 535 - masked-condition fail-open is caught when it is NOT the first statement
  ---
  duration_ms: 0.743958
  ...
# Subtest: a BOM-prefixed masked-condition policy STILL fails closed (exit 3), not clean
ok 536 - a BOM-prefixed masked-condition policy STILL fails closed (exit 3), not clean
  ---
  duration_ms: 0.631541
  ...
# Subtest: benign condition-value siblings are NOT flagged (no over-fire)
ok 537 - benign condition-value siblings are NOT flagged (no over-fire)
  ---
  duration_ms: 2.963958
  ...
# Subtest: masked-condition scan is deterministic
ok 538 - masked-condition scan is deterministic
  ---
  duration_ms: 0.7725
  ...
# Subtest: parseOperator splits set qualifier, IfExists, and the base operator
ok 539 - parseOperator splits set qualifier, IfExists, and the base operator
  ---
  duration_ms: 1.823334
  ...
# Subtest: constraint keys with a plain operator appear to narrow and ARE credited
ok 540 - constraint keys with a plain operator appear to narrow and ARE credited
  ---
  duration_ms: 1.069125
  ...
# Subtest: selector keys appear to select and are NOT credited (scope, not a guardrail)
ok 541 - selector keys appear to select and are NOT credited (scope, not a guardrail)
  ---
  duration_ms: 0.802917
  ...
# Subtest: a negated operator on a constraint key broadens (expansion), never credited
ok 542 - a negated operator on a constraint key broadens (expansion), never credited
  ---
  duration_ms: 0.233792
  ...
# Subtest: an all-addresses aws:SourceIp range is NOT a credited constraint (IAM-806 iter2: matches trust.js isAllAddressIp)
ok 543 - an all-addresses aws:SourceIp range is NOT a credited constraint (IAM-806 iter2: matches trust.js isAllAddressIp)
  ---
  duration_ms: 0.531291
  ...
# Subtest: a negated operator on a selector selects by exclusion (denylist), never credited
ok 544 - a negated operator on a selector selects by exclusion (denylist), never credited
  ---
  duration_ms: 0.44825
  ...
# Subtest: a wildcard value does not constrain (expansion), never credited
ok 545 - a wildcard value does not constrain (expansion), never credited
  ---
  duration_ms: 0.176083
  ...
# Subtest: Null true = missing-key broadening; Null false = presence-only constraint (uncredited)
ok 546 - Null true = missing-key broadening; Null false = presence-only constraint (uncredited)
  ---
  duration_ms: 0.232292
  ...
# Subtest: Bool false on MFA broadens (MFA not required); Bool true narrows
ok 547 - Bool false on MFA broadens (MFA not required); Bool true narrows
  ---
  duration_ms: 0.827916
  ...
# Subtest: ...IfExists and ForAllValues weaken a would-be constraint (uncredited, noted)
ok 548 - ...IfExists and ForAllValues weaken a would-be constraint (uncredited, noted)
  ---
  duration_ms: 0.529833
  ...
# Subtest: an unknown condition key is context-required and never credited
ok 549 - an unknown condition key is context-required and never credited
  ---
  duration_ms: 0.126458
  ...
# Subtest: sts:ExternalId (positive match) is a modeled confused-deputy constraint, credited
ok 550 - sts:ExternalId (positive match) is a modeled confused-deputy constraint, credited
  ---
  duration_ms: 0.103167
  ...
# Subtest: aws:SourceArn / aws:SourceAccount are modeled confused-deputy constraints
ok 551 - aws:SourceArn / aws:SourceAccount are modeled confused-deputy constraints
  ---
  duration_ms: 0.06875
  ...
# Subtest: a NEGATED trust constraint flips to an expansion (broadens, never credited)
ok 552 - a NEGATED trust constraint flips to an expansion (broadens, never credited)
  ---
  duration_ms: 0.042458
  ...
# Subtest: aws:PrincipalArn / aws:PrincipalAccount are modeled principal-scoping constraints
ok 553 - aws:PrincipalArn / aws:PrincipalAccount are modeled principal-scoping constraints
  ---
  duration_ms: 0.035167
  ...
# Subtest: federated aud is a modeled constraint; a wildcarded sub is broad and NOT credited
ok 554 - federated aud is a modeled constraint; a wildcarded sub is broad and NOT credited
  ---
  duration_ms: 0.082208
  ...
# Subtest: IAM-803 iter2: a match-everything glob on a key-aware constraint key is NOT credited
ok 555 - IAM-803 iter2: a match-everything glob on a key-aware constraint key is NOT credited
  ---
  duration_ms: 0.089084
  ...
# Subtest: IAM-803 iter2 control: a genuinely-narrowing globbed ARN (account pinned) IS still credited
ok 556 - IAM-803 iter2 control: a genuinely-narrowing globbed ARN (account pinned) IS still credited
  ---
  duration_ms: 0.030625
  ...
# Subtest: IAM-804 iter3: a bare resource-TYPE-keyword ARN (role/*, secret:*) is NOT credited
ok 557 - IAM-804 iter3: a bare resource-TYPE-keyword ARN (role/*, secret:*) is NOT credited
  ---
  duration_ms: 0.105375
  ...
# Subtest: IAM-804 iter4: an all-glob default-path value (sts:ExternalId "?*", "*?", "?") is NOT credited
ok 558 - IAM-804 iter4: an all-glob default-path value (sts:ExternalId "?*", "*?", "?") is NOT credited
  ---
  duration_ms: 0.044583
  ...
# Subtest: IAM-804 iter4 control: a literal-carrying ExternalId glob still narrows and IS credited
ok 559 - IAM-804 iter4 control: a literal-carrying ExternalId glob still narrows and IS credited
  ---
  duration_ms: 0.038875
  ...
# Subtest: IAM-804 iter5: a non-string operator (Date/Numeric) on a value-scoping trust key is NOT credited
ok 560 - IAM-804 iter5: a non-string operator (Date/Numeric) on a value-scoping trust key is NOT credited
  ---
  duration_ms: 0.094
  ...
# Subtest: an unknown TRUST-shaped condition key is still context-required and surfaced
ok 561 - an unknown TRUST-shaped condition key is still context-required and surfaced
  ---
  duration_ms: 0.028042
  ...
# Subtest: classifyConditions summarizes classes, context-required keys, and creditability
ok 562 - classifyConditions summarizes classes, context-required keys, and creditability
  ---
  duration_ms: 0.280458
  ...
# Subtest: classifyConditions on null/absent returns a stable not-present shape
ok 563 - classifyConditions on null/absent returns a stable not-present shape
  ---
  duration_ms: 0.036666
  ...
# Subtest: condition-class fixture: footgun-operators-not-credited.json
ok 564 - condition-class fixture: footgun-operators-not-credited.json
  ---
  duration_ms: 13.739875
  ...
# Subtest: condition-class fixture: known-keys-mixed-classes.json
ok 565 - condition-class fixture: known-keys-mixed-classes.json
  ---
  duration_ms: 1.113
  ...
# Subtest: condition-class fixture: trust-condition-keys-modeled.json
ok 566 - condition-class fixture: trust-condition-keys-modeled.json
  ---
  duration_ms: 5.938167
  ...
# Subtest: condition-class fixture: unknown-condition-not-credited.json
ok 567 - condition-class fixture: unknown-condition-not-credited.json
  ---
  duration_ms: 1.407875
  ...
# Subtest: an unknown condition marks coverage incomplete but never clears the finding
ok 568 - an unknown condition marks coverage incomplete but never clears the finding
  ---
  duration_ms: 3.001625
  ...
# Subtest: a fully-modelled condition keeps coverage complete
ok 569 - a fully-modelled condition keeps coverage complete
  ---
  duration_ms: 0.630375
  ...
# Subtest: every finding carries a conditionClassification evidence field
ok 570 - every finding carries a conditionClassification evidence field
  ---
  duration_ms: 1.217792
  ...
# Subtest: exports carry the condition classification (JSON verbatim + Markdown, inert)
ok 571 - exports carry the condition classification (JSON verbatim + Markdown, inert)
  ---
  duration_ms: 3.430209
  ...
# Subtest: classification and coverage are deterministic (same input -> same output)
ok 572 - classification and coverage are deterministic (same input -> same output)
  ---
  duration_ms: 2.758584
  ...
# Subtest: folds a wildcard finding on the exec statement into the compound primary
ok 573 - folds a wildcard finding on the exec statement into the compound primary
  ---
  duration_ms: 3.194875
  ...
# Subtest: folds a wildcard finding on the PASS statement too
ok 574 - folds a wildcard finding on the PASS statement too
  ---
  duration_ms: 0.268
  ...
# Subtest: a wildcard finding on an unrelated statement stays independent
ok 575 - a wildcard finding on an unrelated statement stays independent
  ---
  duration_ms: 1.081625
  ...
# Subtest: a mix: subsume the on-path wildcard, keep the off-path one
ok 576 - a mix: subsume the on-path wildcard, keep the off-path one
  ---
  duration_ms: 0.665541
  ...
# Subtest: WILDCARD-ACTION is also subordinate when on a path statement
ok 577 - WILDCARD-ACTION is also subordinate when on a path statement
  ---
  duration_ms: 0.296875
  ...
# Subtest: an unrelated-service WILDCARD-ACTION on a path statement stays independent
ok 578 - an unrelated-service WILDCARD-ACTION on a path statement stays independent
  ---
  duration_ms: 0.412291
  ...
# Subtest: a WILDCARD-RESOURCE that also covers an unrelated service stays independent
ok 579 - a WILDCARD-RESOURCE that also covers an unrelated service stays independent
  ---
  duration_ms: 0.439375
  ...
# Subtest: a same-service WILDCARD-RESOURCE (only path services) is still subsumed
ok 580 - a same-service WILDCARD-RESOURCE (only path services) is still subsumed
  ---
  duration_ms: 0.471333
  ...
# Subtest: non-wildcard rule findings are never subsumed
ok 581 - non-wildcard rule findings are never subsumed
  ---
  duration_ms: 0.809625
  ...
# Subtest: no compound primary present -> passthrough (order preserved)
ok 582 - no compound primary present -> passthrough (order preserved)
  ---
  duration_ms: 0.804875
  ...
# Subtest: deterministic + pure: inputs not mutated, repeat call equal
ok 583 - deterministic + pure: inputs not mutated, repeat call equal
  ---
  duration_ms: 0.6735
  ...
# Subtest: a subsumed finding matched by two primaries is removed once, attached to each
ok 584 - a subsumed finding matched by two primaries is removed once, attached to each
  ---
  duration_ms: 0.136958
  ...
# Subtest: output primaries with subsumed are frozen (immutable result)
ok 585 - output primaries with subsumed are frozen (immutable result)
  ---
  duration_ms: 0.062834
  ...
# Subtest: enrichCoverage preserves every IAM-501 field and adds a summary (superset)
ok 586 - enrichCoverage preserves every IAM-501 field and adds a summary (superset)
  ---
  duration_ms: 7.980583
  ...
# Subtest: supported identity: all statements accepted, coverage complete, identity layer excluded
ok 587 - supported identity: all statements accepted, coverage complete, identity layer excluded
  ---
  duration_ms: 0.679125
  ...
# Subtest: blocked resource policy: zero accepted, incomplete, all rejected
ok 588 - blocked resource policy: zero accepted, incomplete, all rejected
  ---
  duration_ms: 0.691542
  ...
# Subtest: NotPrincipal surfaces as an unsupported element with its exact JSON path
ok 589 - NotPrincipal surfaces as an unsupported element with its exact JSON path
  ---
  duration_ms: 0.388917
  ...
# Subtest: missing layers reflect the effective (overridden) family
ok 590 - missing layers reflect the effective (overridden) family
  ---
  duration_ms: 0.281917
  ...
# Subtest: graph truncation is reflected in the summary
ok 591 - graph truncation is reflected in the summary
  ---
  duration_ms: 0.48
  ...
# Subtest: enrichCoverage is deterministic and never throws on missing context
ok 592 - enrichCoverage is deterministic and never throws on missing context
  ---
  duration_ms: 1.200458
  ...
# Subtest: noFindingsMessage flips to the supported-subset wording when incomplete
ok 593 - noFindingsMessage flips to the supported-subset wording when incomplete
  ---
  duration_ms: 1.114875
  ...
# Subtest: analyze() attaches the coverage summary on supported and blocked results
ok 594 - analyze() attaches the coverage summary on supported and blocked results
  ---
  duration_ms: 3.00075
  ...
# Subtest: JSON export carries the coverage summary with stable machine-readable codes
ok 595 - JSON export carries the coverage summary with stable machine-readable codes
  ---
  duration_ms: 2.060125
  ...
# Subtest: Markdown export includes the coverage summary fields + unsupported!=safe wording
ok 596 - Markdown export includes the coverage summary fields + unsupported!=safe wording
  ---
  duration_ms: 1.125208
  ...
# Subtest: Markdown zero-findings wording: complete for a clean identity policy
ok 597 - Markdown zero-findings wording: complete for a clean identity policy
  ---
  duration_ms: 1.015
  ...
# Subtest: NotPrincipal markdown names the unsupported element + its path
ok 598 - NotPrincipal markdown names the unsupported element + its path
  ---
  duration_ms: 0.878791
  ...
# Subtest: schema validator rejects an invalid critic result
ok 599 - schema validator rejects an invalid critic result
  ---
  duration_ms: 2.263792
  ...
# Subtest: schema validator rejects an invalid ledger entry
ok 600 - schema validator rejects an invalid ledger entry
  ---
  duration_ms: 0.181459
  ...
# Subtest: workflow-case CRT-01 fails closed as recorded
ok 601 - workflow-case CRT-01 fails closed as recorded
  ---
  duration_ms: 2.213375
  ...
# Subtest: workflow-case CRT-02 fails closed as recorded
ok 602 - workflow-case CRT-02 fails closed as recorded
  ---
  duration_ms: 0.636
  ...
# Subtest: workflow-case CRT-03 fails closed as recorded
ok 603 - workflow-case CRT-03 fails closed as recorded
  ---
  duration_ms: 0.480625
  ...
# Subtest: workflow-case CRT-04 fails closed as recorded
ok 604 - workflow-case CRT-04 fails closed as recorded
  ---
  duration_ms: 0.323833
  ...
# Subtest: workflow-case CRT-05 fails closed as recorded
ok 605 - workflow-case CRT-05 fails closed as recorded
  ---
  duration_ms: 0.733667
  ...
# Subtest: workflow-case CRT-06 fails closed as recorded
ok 606 - workflow-case CRT-06 fails closed as recorded
  ---
  duration_ms: 0.372667
  ...
# Subtest: workflow-case CRT-07 fails closed as recorded
ok 607 - workflow-case CRT-07 fails closed as recorded
  ---
  duration_ms: 0.873333
  ...
# Subtest: workflow-case CRT-08 fails closed as recorded
ok 608 - workflow-case CRT-08 fails closed as recorded
  ---
  duration_ms: 1.144834
  ...
# Subtest: workflow-case CRT-09 fails closed as recorded
ok 609 - workflow-case CRT-09 fails closed as recorded
  ---
  duration_ms: 0.342333
  ...
# Subtest: workflow-case CRT-10 fails closed as recorded
ok 610 - workflow-case CRT-10 fails closed as recorded
  ---
  duration_ms: 0.371292
  ...
# Subtest: workflow-case CRT-11 fails closed as recorded
ok 611 - workflow-case CRT-11 fails closed as recorded
  ---
  duration_ms: 0.086542
  ...
# Subtest: workflow-case CRT-12 fails closed as recorded
ok 612 - workflow-case CRT-12 fails closed as recorded
  ---
  duration_ms: 0.073375
  ...
# Subtest: workflow-case CRT-13 fails closed as recorded
ok 613 - workflow-case CRT-13 fails closed as recorded
  ---
  duration_ms: 0.080583
  ...
# Subtest: workflow-case CRT-14 fails closed as recorded
ok 614 - workflow-case CRT-14 fails closed as recorded
  ---
  duration_ms: 0.043166
  ...
# Subtest: workflow-case CRT-15 fails closed as recorded
ok 615 - workflow-case CRT-15 fails closed as recorded
  ---
  duration_ms: 0.275917
  ...
# Subtest: no ERROR/TIMEOUT/INVALID/null critic scenario is ever accepted
ok 616 - no ERROR/TIMEOUT/INVALID/null critic scenario is ever accepted
  ---
  duration_ms: 0.225375
  ...
# Subtest: all critic 529 responses block acceptance and write a ledger row
ok 617 - all critic 529 responses block acceptance and write a ledger row
  ---
  duration_ms: 0.3415
  ...
# Subtest: null findings without explicit PASS is invalid, not approval
ok 618 - null findings without explicit PASS is invalid, not approval
  ---
  duration_ms: 0.286792
  ...
# Subtest: empty required critic set cannot pass vacuously
ok 619 - empty required critic set cannot pass vacuously
  ---
  duration_ms: 0.125042
  ...
# Subtest: ledger failure occurs before acceptance (isolated: single passing critic)
ok 620 - ledger failure occurs before acceptance (isolated: single passing critic)
  ---
  duration_ms: 0.197375
  ...
# Subtest: classifyResponse maps every raw shape to the right terminal state
ok 621 - classifyResponse maps every raw shape to the right terminal state
  ---
  duration_ms: 0.127583
  ...
# Subtest: classifyResponse output is schema-valid for every terminal state
ok 622 - classifyResponse output is schema-valid for every terminal state
  ---
  duration_ms: 0.11975
  ...
# Subtest: decide requires ALL critics PASS to accept
ok 623 - decide requires ALL critics PASS to accept
  ---
  duration_ms: 0.088208
  ...
# Subtest: a control failure outranks a blocker (review_error, never blocked)
ok 624 - a control failure outranks a blocker (review_error, never blocked)
  ---
  duration_ms: 0.043333
  ...
# Subtest: runReview is deterministic (byte-identical output on re-run)
ok 625 - runReview is deterministic (byte-identical output on re-run)
  ---
  duration_ms: 0.288542
  ...
# Subtest: a fully-passing panel with a durable ledger is accepted + approved
ok 626 - a fully-passing panel with a durable ledger is accepted + approved
  ---
  duration_ms: 0.082416
  ...
# Subtest: F1: a retried critic PASS does NOT accept a multi-critic story (others still missing)
ok 627 - F1: a retried critic PASS does NOT accept a multi-critic story (others still missing)
  ---
  duration_ms: 0.061375
  ...
# Subtest: F1: the DEFAULT panel does not collapse to a single critic on the retry path
ok 628 - F1: the DEFAULT panel does not collapse to a single critic on the retry path
  ---
  duration_ms: 0.05275
  ...
# Subtest: F2: an empty attempts list fails closed with a ledger row (never throws)
ok 629 - F2: an empty attempts list fails closed with a ledger row (never throws)
  ---
  duration_ms: 0.132875
  ...
# Subtest: F2: retryLimit:0 fails closed (never throws)
ok 630 - F2: retryLimit:0 fails closed (never throws)
  ---
  duration_ms: 0.052625
  ...
# Subtest: F3: a duplicate required-critic id panel is a configurationError, never accepted
ok 631 - F3: a duplicate required-critic id panel is a configurationError, never accepted
  ---
  duration_ms: 0.055041
  ...
# Subtest: F3: decide() rejects a duplicate-id panel as a configurationError
ok 632 - F3: decide() rejects a duplicate-id panel as a configurationError
  ---
  duration_ms: 0.037125
  ...
# Subtest: F4: a numeric critic id fails closed (accepted=false, INVALID_CRITIC_ID)
ok 633 - F4: a numeric critic id fails closed (accepted=false, INVALID_CRITIC_ID)
  ---
  duration_ms: 0.100875
  ...
# Subtest: F4: an empty-string critic id fails closed
ok 634 - F4: an empty-string critic id fails closed
  ---
  duration_ms: 0.055375
  ...
# Subtest: F4: an object critic id fails closed
ok 635 - F4: an object critic id fails closed
  ---
  duration_ms: 0.0435
  ...
# Subtest: F4: a null critic id fails closed (not by accident of the ?? remap)
ok 636 - F4: a null critic id fails closed (not by accident of the ?? remap)
  ---
  duration_ms: 0.0365
  ...
# Subtest: F4: decide() rejects a malformed critic id as a configurationError
ok 637 - F4: decide() rejects a malformed critic id as a configurationError
  ---
  duration_ms: 0.069917
  ...
# Subtest: F4: a malformed critic id on the RETRY path also fails closed
ok 638 - F4: a malformed critic id on the RETRY path also fails closed
  ---
  duration_ms: 0.037458
  ...
# Subtest: TERMINAL_STATES and DEFAULT_REQUIRED_CRITICS are the documented sets
ok 639 - TERMINAL_STATES and DEFAULT_REQUIRED_CRITICS are the documented sets
  ---
  duration_ms: 0.040417
  ...
# Subtest: all three CSP copies are present and extractable
ok 640 - all three CSP copies are present and extractable
  ---
  duration_ms: 0.820917
  ...
# Subtest: the comment mirror equals the DEPLOY.md authoritative header exactly
ok 641 - the comment mirror equals the DEPLOY.md authoritative header exactly
  ---
  duration_ms: 0.403541
  ...
# Subtest: the authoritative header includes frame-ancestors (header-only directive)
ok 642 - the authoritative header includes frame-ancestors (header-only directive)
  ---
  duration_ms: 0.645417
  ...
# Subtest: the <meta> fallback equals the authoritative header MINUS frame-ancestors
ok 643 - the <meta> fallback equals the authoritative header MINUS frame-ancestors
  ---
  duration_ms: 0.126292
  ...
# Subtest: determinism gate: corpus is non-empty (guards against a silent no-op gate)
ok 644 - determinism gate: corpus is non-empty (guards against a silent no-op gate)
  ---
  duration_ms: 0.796625
  ...
# Subtest: determinism gate: findings are byte-identical across two analyze() runs (whole corpus)
ok 645 - determinism gate: findings are byte-identical across two analyze() runs (whole corpus)
  ---
  duration_ms: 330.554209
  ...
# Subtest: determinism gate: graph is byte-identical across two analyze() runs (whole corpus)
ok 646 - determinism gate: graph is byte-identical across two analyze() runs (whole corpus)
  ---
  duration_ms: 167.638709
  ...
# Subtest: determinism gate: the full analyze() result is byte-identical across two runs (whole corpus)
ok 647 - determinism gate: the full analyze() result is byte-identical across two runs (whole corpus)
  ---
  duration_ms: 158.126708
  ...
# Subtest: determinism gate: JSON + Markdown exports are byte-identical across two runs (whole corpus)
ok 648 - determinism gate: JSON + Markdown exports are byte-identical across two runs (whole corpus)
  ---
  duration_ms: 257.640042
  ...
# Subtest: determinism gate: a single corpus-wide digest is stable across two full passes
ok 649 - determinism gate: a single corpus-wide digest is stable across two full passes
  ---
  duration_ms: 47.581417
  ...
# Subtest: fixture pass-role/passrole-alone-negative.json: escalation findings match expectations
ok 650 - fixture pass-role/passrole-alone-negative.json: escalation findings match expectations
  ---
  duration_ms: 5.482042
  ...
# Subtest: fixture pass-role/passrole-ec2-positive.json: escalation findings match expectations
ok 651 - fixture pass-role/passrole-ec2-positive.json: escalation findings match expectations
  ---
  duration_ms: 2.87175
  ...
# Subtest: fixture pass-role/passrole-ecs-service-positive.json: escalation findings match expectations
ok 652 - fixture pass-role/passrole-ecs-service-positive.json: escalation findings match expectations
  ---
  duration_ms: 5.1345
  ...
# Subtest: fixture pass-role/passrole-lambda-bundled-unrelated-wildcard-positive.json: escalation findings match expectations
ok 653 - fixture pass-role/passrole-lambda-bundled-unrelated-wildcard-positive.json: escalation findings match expectations
  ---
  duration_ms: 2.298625
  ...
# Subtest: fixture pass-role/passrole-lambda-multistatement-deny-narrows-positive.json: escalation findings match expectations
ok 654 - fixture pass-role/passrole-lambda-multistatement-deny-narrows-positive.json: escalation findings match expectations
  ---
  duration_ms: 1.226708
  ...
# Subtest: fixture pass-role/passrole-lambda-positive.json: escalation findings match expectations
ok 655 - fixture pass-role/passrole-lambda-positive.json: escalation findings match expectations
  ---
  duration_ms: 2.617583
  ...
# Subtest: fixture pass-role/passrole-multiservice-conditional-deny-boundary.json: escalation findings match expectations
ok 656 - fixture pass-role/passrole-multiservice-conditional-deny-boundary.json: escalation findings match expectations
  ---
  duration_ms: 0.809584
  ...
# Subtest: fixture pass-role/passrole-passedtoservice-mismatch-boundary.json: escalation findings match expectations
ok 657 - fixture pass-role/passrole-passedtoservice-mismatch-boundary.json: escalation findings match expectations
  ---
  duration_ms: 0.805083
  ...
# Subtest: fixture pass-role/passrole-passedtoservice-stringnotequals-boundary.json: escalation findings match expectations
ok 658 - fixture pass-role/passrole-passedtoservice-stringnotequals-boundary.json: escalation findings match expectations
  ---
  duration_ms: 10.458166
  ...
# Subtest: fixture assume-role/assume-role-notresource-boundary.json: escalation findings match expectations
ok 659 - fixture assume-role/assume-role-notresource-boundary.json: escalation findings match expectations
  ---
  duration_ms: 3.779834
  ...
# Subtest: fixture assume-role/assume-role-partial-wildcard-boundary.json: escalation findings match expectations
ok 660 - fixture assume-role/assume-role-partial-wildcard-boundary.json: escalation findings match expectations
  ---
  duration_ms: 0.588042
  ...
# Subtest: fixture assume-role/assume-role-scoped-negative.json: escalation findings match expectations
ok 661 - fixture assume-role/assume-role-scoped-negative.json: escalation findings match expectations
  ---
  duration_ms: 0.168375
  ...
# Subtest: fixture assume-role/assume-role-wildcard-positive.json: escalation findings match expectations
ok 662 - fixture assume-role/assume-role-wildcard-positive.json: escalation findings match expectations
  ---
  duration_ms: 0.361166
  ...
# Subtest: fixture assume-role/identity-assumerole-wildcard-positive.json: escalation findings match expectations
ok 663 - fixture assume-role/identity-assumerole-wildcard-positive.json: escalation findings match expectations
  ---
  duration_ms: 2.106625
  ...
# Subtest: fixture assume-role/trust-policy-not-escalation.json: escalation findings match expectations
ok 664 - fixture assume-role/trust-policy-not-escalation.json: escalation findings match expectations
  ---
  duration_ms: 0.226
  ...
# Subtest: fixture assume-role/update-assume-role-conditioned-boundary.json: escalation findings match expectations
ok 665 - fixture assume-role/update-assume-role-conditioned-boundary.json: escalation findings match expectations
  ---
  duration_ms: 0.30275
  ...
# Subtest: fixture assume-role/update-assume-role-policy-positive.json: escalation findings match expectations
ok 666 - fixture assume-role/update-assume-role-policy-positive.json: escalation findings match expectations
  ---
  duration_ms: 0.286709
  ...
# Subtest: fixture policy-version/create-policy-version-positive.json: escalation findings match expectations
ok 667 - fixture policy-version/create-policy-version-positive.json: escalation findings match expectations
  ---
  duration_ms: 0.39325
  ...
# Subtest: fixture policy-version/policy-read-only-negative.json: escalation findings match expectations
ok 668 - fixture policy-version/policy-read-only-negative.json: escalation findings match expectations
  ---
  duration_ms: 0.124542
  ...
# Subtest: fixture policy-version/set-default-version-conditioned-boundary.json: escalation findings match expectations
ok 669 - fixture policy-version/set-default-version-conditioned-boundary.json: escalation findings match expectations
  ---
  duration_ms: 4.715125
  ...
# Subtest: fixture attach-policy/attach-conditioned-boundary.json: escalation findings match expectations
ok 670 - fixture attach-policy/attach-conditioned-boundary.json: escalation findings match expectations
  ---
  duration_ms: 1.455334
  ...
# Subtest: fixture attach-policy/attach-denied-unconditional-negative.json: escalation findings match expectations
ok 671 - fixture attach-policy/attach-denied-unconditional-negative.json: escalation findings match expectations
  ---
  duration_ms: 0.234375
  ...
# Subtest: fixture attach-policy/attach-role-policy-positive.json: escalation findings match expectations
ok 672 - fixture attach-policy/attach-role-policy-positive.json: escalation findings match expectations
  ---
  duration_ms: 0.095667
  ...
# Subtest: fixture attach-policy/list-attached-policies-negative.json: escalation findings match expectations
ok 673 - fixture attach-policy/list-attached-policies-negative.json: escalation findings match expectations
  ---
  duration_ms: 0.791084
  ...
# Subtest: fixture attach-policy/put-user-policy-positive.json: escalation findings match expectations
ok 674 - fixture attach-policy/put-user-policy-positive.json: escalation findings match expectations
  ---
  duration_ms: 0.22225
  ...
# Subtest: fixture credential-creation/create-access-key-conditioned-boundary.json: escalation findings match expectations
ok 675 - fixture credential-creation/create-access-key-conditioned-boundary.json: escalation findings match expectations
  ---
  duration_ms: 0.436125
  ...
# Subtest: fixture credential-creation/create-access-key-positive.json: escalation findings match expectations
ok 676 - fixture credential-creation/create-access-key-positive.json: escalation findings match expectations
  ---
  duration_ms: 0.192459
  ...
# Subtest: fixture credential-creation/iam-star-notaction-deny-narrows.json: escalation findings match expectations
ok 677 - fixture credential-creation/iam-star-notaction-deny-narrows.json: escalation findings match expectations
  ---
  duration_ms: 0.489916
  ...
# Subtest: fixture credential-creation/login-profile-positive.json: escalation findings match expectations
ok 678 - fixture credential-creation/login-profile-positive.json: escalation findings match expectations
  ---
  duration_ms: 0.232583
  ...
# Subtest: fixture credential-creation/read-only-negative.json: escalation findings match expectations
ok 679 - fixture credential-creation/read-only-negative.json: escalation findings match expectations
  ---
  duration_ms: 0.283125
  ...
# Subtest: acceptance: pass-role/ positive fixtures are detected
ok 680 - acceptance: pass-role/ positive fixtures are detected
  ---
  duration_ms: 1.765375
  ...
# Subtest: acceptance: PassRole ALONE is never flagged as an escalation
ok 681 - acceptance: PassRole ALONE is never flagged as an escalation
  ---
  duration_ms: 2.161209
  ...
# Subtest: acceptance: iam:PassedToService is respected (mismatch -> no path)
ok 682 - acceptance: iam:PassedToService is respected (mismatch -> no path)
  ---
  duration_ms: 1.112791
  ...
# Subtest: acceptance: assume-role/ positive fixtures are detected; scoped assume is not
ok 683 - acceptance: assume-role/ positive fixtures are detected; scoped assume is not
  ---
  duration_ms: 1.045917
  ...
# Subtest: story: at least 5 escalation families each have a positive fixture producing them
ok 684 - story: at least 5 escalation families each have a positive fixture producing them
  ---
  duration_ms: 9.128625
  ...
# Subtest: PassRole (pinned to lambda) + lambda:CreateFunction -> PASSROLE-LAMBDA (critical, confirmed)
ok 685 - PassRole (pinned to lambda) + lambda:CreateFunction -> PASSROLE-LAMBDA (critical, confirmed)
  ---
  duration_ms: 0.226917
  ...
# Subtest: PASSROLE-LAMBDA exposes a risk-factor checklist (IAM-105)
ok 686 - PASSROLE-LAMBDA exposes a risk-factor checklist (IAM-105)
  ---
  duration_ms: 0.134084
  ...
# Subtest: unpinned PassRole path marks the PassedToService restriction ABSENT (IAM-105)
ok 687 - unpinned PassRole path marks the PassedToService restriction ABSENT (IAM-105)
  ---
  duration_ms: 0.096
  ...
# Subtest: single-action escalation primitives carry null riskFactors (IAM-105)
ok 688 - single-action escalation primitives carry null riskFactors (IAM-105)
  ---
  duration_ms: 0.062208
  ...
# Subtest: PassRole ALONE (no service-execution action) -> no finding
ok 689 - PassRole ALONE (no service-execution action) -> no finding
  ---
  duration_ms: 0.047708
  ...
# Subtest: service-execution action ALONE (no PassRole) -> no finding
ok 690 - service-execution action ALONE (no PassRole) -> no finding
  ---
  duration_ms: 0.043167
  ...
# Subtest: unpinned PassRole (no PassedToService) + ec2:RunInstances -> PASSROLE-EC2 (critical)
ok 691 - unpinned PassRole (no PassedToService) + ec2:RunInstances -> PASSROLE-EC2 (critical)
  ---
  duration_ms: 0.352958
  ...
# Subtest: PassRole+service why is precise: potential execution + PassedToService phrasing
ok 692 - PassRole+service why is precise: potential execution + PassedToService phrasing
  ---
  duration_ms: 0.461625
  ...
# Subtest: ASSUME-ROLE-EXPANSION why is cross-account accurate (not "many roles in the account")
ok 693 - ASSUME-ROLE-EXPANSION why is cross-account accurate (not "many roles in the account")
  ---
  duration_ms: 0.354084
  ...
# Subtest: ASSUME-ROLE-EXPANSION why does NOT claim cross-account reach for a single-account role-name wildcard
ok 694 - ASSUME-ROLE-EXPANSION why does NOT claim cross-account reach for a single-account role-name wildcard
  ---
  duration_ms: 0.303667
  ...
# Subtest: ASSUME-ROLE-EXPANSION why confines a partial role-name wildcard (role/app-*) to its account
ok 695 - ASSUME-ROLE-EXPANSION why confines a partial role-name wildcard (role/app-*) to its account
  ---
  duration_ms: 0.111209
  ...
# Subtest: PassRole pinned to a different service does not open a path for the granted action
ok 696 - PassRole pinned to a different service does not open a path for the granted action
  ---
  duration_ms: 0.089584
  ...
# Subtest: iam:* + lambda:* is recognized as PASSROLE-LAMBDA (service wildcards grant the combo)
ok 697 - iam:* + lambda:* is recognized as PASSROLE-LAMBDA (service wildcards grant the combo)
  ---
  duration_ms: 0.105792
  ...
# Subtest: a bare "*" action surfaces every escalation path it contains (de-facto admin)
ok 698 - a bare "*" action surfaces every escalation path it contains (de-facto admin)
  ---
  duration_ms: 0.242417
  ...
# Subtest: iam:CreatePolicyVersion -> POLICY-VERSION
ok 699 - iam:CreatePolicyVersion -> POLICY-VERSION
  ---
  duration_ms: 0.057542
  ...
# Subtest: iam:AttachRolePolicy -> ATTACH-POLICY (high); iam:PutRolePolicy -> PUT-INLINE-POLICY (high)
ok 700 - iam:AttachRolePolicy -> ATTACH-POLICY (high); iam:PutRolePolicy -> PUT-INLINE-POLICY (high)
  ---
  duration_ms: 0.087584
  ...
# Subtest: iam:UpdateAssumeRolePolicy -> TRUST-POLICY-MODIFY
ok 701 - iam:UpdateAssumeRolePolicy -> TRUST-POLICY-MODIFY
  ---
  duration_ms: 0.051958
  ...
# Subtest: iam:CreateAccessKey -> CREDENTIAL-CREATION
ok 702 - iam:CreateAccessKey -> CREDENTIAL-CREATION
  ---
  duration_ms: 0.046334
  ...
# Subtest: sts:AssumeRole on "*" -> ASSUME-ROLE-EXPANSION (evidence high, exploitability medium: target unknown); scoped single role -> none
ok 703 - sts:AssumeRole on "*" -> ASSUME-ROLE-EXPANSION (evidence high, exploitability medium: target unknown); scoped single role -> none
  ---
  duration_ms: 0.277416
  ...
# Subtest: a Deny on the escalation action does not itself create a path
ok 704 - a Deny on the escalation action does not itself create a path
  ---
  duration_ms: 0.052125
  ...
# Subtest: a non-confirming Condition drops escalation confidence and annotates the limit
ok 705 - a non-confirming Condition drops escalation confidence and annotates the limit
  ---
  duration_ms: 0.190667
  ...
# Subtest: unconditional in-scope Deny of an escalation action suppresses the path
ok 706 - unconditional in-scope Deny of an escalation action suppresses the path
  ---
  duration_ms: 0.079708
  ...
# Subtest: unconditional Deny on "*" suppresses even a scoped Allow
ok 707 - unconditional Deny on "*" suppresses even a scoped Allow
  ---
  duration_ms: 0.059
  ...
# Subtest: a CONDITIONAL Deny does not suppress but reduces confidence and annotates the limit
ok 708 - a CONDITIONAL Deny does not suppress but reduces confidence and annotates the limit
  ---
  duration_ms: 0.113208
  ...
# Subtest: a Deny of a DIFFERENT action leaves the path intact
ok 709 - a Deny of a DIFFERENT action leaves the path intact
  ---
  duration_ms: 0.07425
  ...
# Subtest: an unconditional Deny of iam:PassRole removes the whole PassRole path
ok 710 - an unconditional Deny of iam:PassRole removes the whole PassRole path
  ---
  duration_ms: 0.065792
  ...
# Subtest: an unconditional Deny of every execution action removes the PassRole path
ok 711 - an unconditional Deny of every execution action removes the PassRole path
  ---
  duration_ms: 0.059541
  ...
# Subtest: a Deny covering ONE exec statement does not hide a path granted by ANOTHER exec statement
ok 712 - a Deny covering ONE exec statement does not hide a path granted by ANOTHER exec statement
  ---
  duration_ms: 0.125125
  ...
# Subtest: a Deny covering ONE PassRole grant does not hide a path via ANOTHER permitting PassRole grant
ok 713 - a Deny covering ONE PassRole grant does not hide a path via ANOTHER permitting PassRole grant
  ---
  duration_ms: 0.102542
  ...
# Subtest: a Deny covering ALL exec statements still suppresses the PassRole path
ok 714 - a Deny covering ALL exec statements still suppresses the PassRole path
  ---
  duration_ms: 0.078916
  ...
# Subtest: a NotAction-Deny does NOT suppress a broad iam:* escalation grant (path survives, downgraded)
ok 715 - a NotAction-Deny does NOT suppress a broad iam:* escalation grant (path survives, downgraded)
  ---
  duration_ms: 0.095208
  ...
# Subtest: control: a POSITIVE-action Deny of iam:* DOES suppress the iam:* escalation grants
ok 716 - control: a POSITIVE-action Deny of iam:* DOES suppress the iam:* escalation grants
  ---
  duration_ms: 0.054083
  ...
# Subtest: a Deny of ONE of several attach actions keeps the path via the others
ok 717 - a Deny of ONE of several attach actions keeps the path via the others
  ---
  duration_ms: 0.065416
  ...
# Subtest: StringNotEquals iam:PassedToService is a DENYLIST (pass to any service except the listed)
ok 718 - StringNotEquals iam:PassedToService is a DENYLIST (pass to any service except the listed)
  ---
  duration_ms: 0.093
  ...
# Subtest: StringNotLike iam:PassedToService denylist blocks the matching service
ok 719 - StringNotLike iam:PassedToService denylist blocks the matching service
  ---
  duration_ms: 0.087083
  ...
# Subtest: StringEquals iam:PassedToService remains an ALLOWLIST (regression guard)
ok 720 - StringEquals iam:PassedToService remains an ALLOWLIST (regression guard)
  ---
  duration_ms: 0.087042
  ...
# Subtest: Null iam:PassedToService is UNCERTAIN: path kept but confidence reduced and annotated
ok 721 - Null iam:PassedToService is UNCERTAIN: path kept but confidence reduced and annotated
  ---
  duration_ms: 0.121208
  ...
# Subtest: ForAnyValue:StringEquals is normalized to allowlist semantics
ok 722 - ForAnyValue:StringEquals is normalized to allowlist semantics
  ---
  duration_ms: 0.0975
  ...
# Subtest: partial-wildcard role path (role/app-*) is broad -> ASSUME-ROLE-EXPANSION
ok 723 - partial-wildcard role path (role/app-*) is broad -> ASSUME-ROLE-EXPANSION
  ---
  duration_ms: 0.051
  ...
# Subtest: a "?" wildcard in the role path is broad -> ASSUME-ROLE-EXPANSION
ok 724 - a "?" wildcard in the role path is broad -> ASSUME-ROLE-EXPANSION
  ---
  duration_ms: 0.048292
  ...
# Subtest: NotResource-scoped AssumeRole is broad (inverse scope) -> ASSUME-ROLE-EXPANSION
ok 725 - NotResource-scoped AssumeRole is broad (inverse scope) -> ASSUME-ROLE-EXPANSION
  ---
  duration_ms: 0.044917
  ...
# Subtest: AssumeRole with no Resource/NotResource is unspecified/broad -> ASSUME-ROLE-EXPANSION
ok 726 - AssumeRole with no Resource/NotResource is unspecified/broad -> ASSUME-ROLE-EXPANSION
  ---
  duration_ms: 0.046459
  ...
# Subtest: ASSUME-ROLE-EXPANSION over all roles (arn:...:*:role/*) is critical
ok 727 - ASSUME-ROLE-EXPANSION over all roles (arn:...:*:role/*) is critical
  ---
  duration_ms: 0.062834
  ...
# Subtest: ASSUME-ROLE-EXPANSION over all roles in ONE account (role/*) stays high, not critical
ok 728 - ASSUME-ROLE-EXPANSION over all roles in ONE account (role/*) stays high, not critical
  ---
  duration_ms: 0.051458
  ...
# Subtest: ASSUME-ROLE-EXPANSION on a bare "*" resource is critical
ok 729 - ASSUME-ROLE-EXPANSION on a bare "*" resource is critical
  ---
  duration_ms: 0.046625
  ...
# Subtest: ASSUME-ROLE-EXPANSION with a PARTIAL role-name wildcard (role/app-*) stays high
ok 730 - ASSUME-ROLE-EXPANSION with a PARTIAL role-name wildcard (role/app-*) stays high
  ---
  duration_ms: 0.048625
  ...
# Subtest: ASSUME-ROLE-EXPANSION with NotResource (inverse, ~all roles) is critical
ok 731 - ASSUME-ROLE-EXPANSION with NotResource (inverse, ~all roles) is critical
  ---
  duration_ms: 0.046875
  ...
# Subtest: standalone single-action escalation primitives stay high (not critical)
ok 732 - standalone single-action escalation primitives stay high (not critical)
  ---
  duration_ms: 0.10675
  ...
# Subtest: analyzeEscalations is deterministic and deeply frozen
ok 733 - analyzeEscalations is deterministic and deeply frozen
  ---
  duration_ms: 1.009875
  ...
# Subtest: findings are ordered by anchor statement index then escalation order
ok 734 - findings are ordered by anchor statement index then escalation order
  ---
  duration_ms: 0.165208
  ...
# Subtest: analyzeEscalations never throws on a bad model
ok 735 - analyzeEscalations never throws on a bad model
  ---
  duration_ms: 0.141542
  ...
# Subtest: analyzeEscalationsFromText surfaces validation errors and never throws
ok 736 - analyzeEscalationsFromText surfaces validation errors and never throws
  ---
  duration_ms: 10.6715
  ...
# Subtest: empty policy produces no escalation findings
ok 737 - empty policy produces no escalation findings
  ---
  duration_ms: 0.13825
  ...
# Subtest: XSS-laden SID/ARN pass through escalation findings as inert strings
ok 738 - XSS-laden SID/ARN pass through escalation findings as inert strings
  ---
  duration_ms: 0.091583
  ...
# Subtest: analyzing input does not pollute Object.prototype
ok 739 - analyzing input does not pollute Object.prototype
  ---
  duration_ms: 2.364041
  ...
# Subtest: safe/ fixtures produce zero escalation findings
ok 740 - safe/ fixtures produce zero escalation findings
  ---
  duration_ms: 0.777292
  ...
# Subtest: fixture explicit-deny/allow-no-deny-negative.json: decide() matches expected decisions
ok 741 - fixture explicit-deny/allow-no-deny-negative.json: decide() matches expected decisions
  ---
  duration_ms: 1.952834
  ...
# Subtest: fixture explicit-deny/deny-conditional-boundary.json: decide() matches expected decisions
ok 742 - fixture explicit-deny/deny-conditional-boundary.json: decide() matches expected decisions
  ---
  duration_ms: 0.372583
  ...
# Subtest: fixture explicit-deny/deny-overrides-allow.json: deny wins for listed actions
ok 743 - fixture explicit-deny/deny-overrides-allow.json: deny wins for listed actions
  ---
  duration_ms: 0.266792
  ...
# Subtest: fixture explicit-deny/deny-scoped-does-not-overreach.json: deny wins for listed actions
ok 744 - fixture explicit-deny/deny-scoped-does-not-overreach.json: deny wins for listed actions
  ---
  duration_ms: 0.104459
  ...
# Subtest: fixture explicit-deny/deny-scoped-does-not-overreach.json: decide() matches expected decisions
ok 745 - fixture explicit-deny/deny-scoped-does-not-overreach.json: decide() matches expected decisions
  ---
  duration_ms: 0.175084
  ...
# Subtest: fixture not-action/allow-not-action-admin.json: decide() matches expected decisions
ok 746 - fixture not-action/allow-not-action-admin.json: decide() matches expected decisions
  ---
  duration_ms: 0.125584
  ...
# Subtest: fixture not-resource/allow-not-resource-overbroad.json: decide() matches expected decisions
ok 747 - fixture not-resource/allow-not-resource-overbroad.json: decide() matches expected decisions
  ---
  duration_ms: 0.185292
  ...
# Subtest: fixture not-resource/deny-not-resource-sandbox.json: decide() matches expected decisions
ok 748 - fixture not-resource/deny-not-resource-sandbox.json: decide() matches expected decisions
  ---
  duration_ms: 0.076417
  ...
# Subtest: fixture policy-variable/allow-resource-variable.json: decide() matches expected decisions
ok 749 - fixture policy-variable/allow-resource-variable.json: decide() matches expected decisions
  ---
  duration_ms: 0.359583
  ...
# Subtest: fixture policy-variable/deny-not-resource-variable.json: decide() matches expected decisions
ok 750 - fixture policy-variable/deny-not-resource-variable.json: decide() matches expected decisions
  ---
  duration_ms: 0.314083
  ...
# Subtest: fixture policy-variable/shadowing-deny-variable.json: decide() matches expected decisions
ok 751 - fixture policy-variable/shadowing-deny-variable.json: decide() matches expected decisions
  ---
  duration_ms: 0.123042
  ...
# Subtest: acceptance category explicit-deny/ is actually exercised (non-vacuous)
ok 752 - acceptance category explicit-deny/ is actually exercised (non-vacuous)
  ---
  duration_ms: 0.371833
  ...
# Subtest: acceptance category not-action/ is actually exercised (non-vacuous)
ok 753 - acceptance category not-action/ is actually exercised (non-vacuous)
  ---
  duration_ms: 0.113
  ...
# Subtest: acceptance category not-resource/ is actually exercised (non-vacuous)
ok 754 - acceptance category not-resource/ is actually exercised (non-vacuous)
  ---
  duration_ms: 0.126292
  ...
# Subtest: unconditional Deny overrides an Allow on the same action
ok 755 - unconditional Deny overrides an Allow on the same action
  ---
  duration_ms: 0.095167
  ...
# Subtest: Deny wins even when the Allow is listed AFTER the Deny (order independent)
ok 756 - Deny wins even when the Allow is listed AFTER the Deny (order independent)
  ---
  duration_ms: 0.06175
  ...
# Subtest: conditional Deny does NOT produce a definitive deny (no false deny)
ok 757 - conditional Deny does NOT produce a definitive deny (no false deny)
  ---
  duration_ms: 0.626334
  ...
# Subtest: Allow NotAction iam:* grants s3 (not excluded) but not iam (excluded)
ok 758 - Allow NotAction iam:* grants s3 (not excluded) but not iam (excluded)
  ---
  duration_ms: 0.080291
  ...
# Subtest: Deny NotAction denies everything except the listed actions
ok 759 - Deny NotAction denies everything except the listed actions
  ---
  duration_ms: 0.049542
  ...
# Subtest: capability view labels NotAction as a broad grant
ok 760 - capability view labels NotAction as a broad grant
  ---
  duration_ms: 0.19275
  ...
# Subtest: Deny NotResource denies outside the sandbox, spares the sandbox
ok 761 - Deny NotResource denies outside the sandbox, spares the sandbox
  ---
  duration_ms: 0.064083
  ...
# Subtest: capability view labels NotResource on Deny correctly
ok 762 - capability view labels NotResource on Deny correctly
  ---
  duration_ms: 0.115
  ...
# Subtest: Allow NotResource grants outside the excluded set, not inside it
ok 763 - Allow NotResource grants outside the excluded set, not inside it
  ---
  duration_ms: 0.058375
  ...
# Subtest: capability view flags NotResource on an Allow as the broad over-grant
ok 764 - capability view flags NotResource on an Allow as the broad over-grant
  ---
  duration_ms: 0.064834
  ...
# Subtest: variable in a shadowing Deny Resource yields CONDITIONAL, not a false allow
ok 765 - variable in a shadowing Deny Resource yields CONDITIONAL, not a false allow
  ---
  duration_ms: 0.110792
  ...
# Subtest: variable in NotResource on a Deny yields CONDITIONAL, not a false deny
ok 766 - variable in NotResource on a Deny yields CONDITIONAL, not a false deny
  ---
  duration_ms: 0.047917
  ...
# Subtest: variable in an Allow Resource degrades to CONDITIONAL (never definitive allow)
ok 767 - variable in an Allow Resource degrades to CONDITIONAL (never definitive allow)
  ---
  duration_ms: 0.065333
  ...
# Subtest: a variable-free policy keeps its definitive behavior (no over-conditionalizing)
ok 768 - a variable-free policy keeps its definitive behavior (no over-conditionalizing)
  ---
  duration_ms: 0.054208
  ...
# Subtest: capability view flags a policy-variable statement
ok 769 - capability view flags a policy-variable statement
  ---
  duration_ms: 0.05425
  ...
# Subtest: Allow scoped to a resource does not grant a different resource
ok 770 - Allow scoped to a resource does not grant a different resource
  ---
  duration_ms: 0.044708
  ...
# Subtest: omitting resource in the request leaves resource-scoped grants CONDITIONAL
ok 771 - omitting resource in the request leaves resource-scoped grants CONDITIONAL
  ---
  duration_ms: 0.044417
  ...
# Subtest: wildcard action patterns match case-insensitively
ok 772 - wildcard action patterns match case-insensitively
  ---
  duration_ms: 0.037916
  ...
# Subtest: resource matching is case-sensitive (ARNs)
ok 773 - resource matching is case-sensitive (ARNs)
  ---
  duration_ms: 0.038666
  ...
# Subtest: every decision carries the capability-not-effective caveat
ok 774 - every decision carries the capability-not-effective caveat
  ---
  duration_ms: 0.043417
  ...
# Subtest: allowed-by-policy explanation never claims effective access
ok 775 - allowed-by-policy explanation never claims effective access
  ---
  duration_ms: 0.068042
  ...
# Subtest: not-granted is framed as per-policy implicit deny, not effective deny
ok 776 - not-granted is framed as per-policy implicit deny, not effective deny
  ---
  duration_ms: 0.12625
  ...
# Subtest: evaluate() reports allow/deny counts and explicit-deny flag
ok 777 - evaluate() reports allow/deny counts and explicit-deny flag
  ---
  duration_ms: 0.120959
  ...
# Subtest: conditional Deny does not set hasExplicitDeny
ok 778 - conditional Deny does not set hasExplicitDeny
  ---
  duration_ms: 0.275208
  ...
# Subtest: evaluate() is deterministic and frozen
ok 779 - evaluate() is deterministic and frozen
  ---
  duration_ms: 1.363
  ...
# Subtest: decide() is deterministic
ok 780 - decide() is deterministic
  ---
  duration_ms: 0.6555
  ...
# Subtest: decide() never throws on a bad model or request
ok 781 - decide() never throws on a bad model or request
  ---
  duration_ms: 0.493083
  ...
# Subtest: evaluate() never throws on a bad model
ok 782 - evaluate() never throws on a bad model
  ---
  duration_ms: 0.159042
  ...
# Subtest: empty policy grants nothing
ok 783 - empty policy grants nothing
  ---
  duration_ms: 3.593792
  ...
# Subtest: XSS-laden SID/ARN pass through decide/evaluate as inert data
ok 784 - XSS-laden SID/ARN pass through decide/evaluate as inert data
  ---
  duration_ms: 0.294667
  ...
# Subtest: explainStatement flags a statement with no resource scope
ok 785 - explainStatement flags a statement with no resource scope
  ---
  duration_ms: 0.11625
  ...
# Subtest: explainStatement marks conditional statements
ok 786 - explainStatement marks conditional statements
  ---
  duration_ms: 0.102667
  ...
# Subtest: every finding across every fixture exposes the complete evidence set
ok 787 - every finding across every fixture exposes the complete evidence set
  ---
  duration_ms: 233.442416
  ...
# Subtest: policy family stamped on findings matches the analysis coverage family
ok 788 - policy family stamped on findings matches the analysis coverage family
  ---
  duration_ms: 0.832
  ...
# Subtest: JSON export carries the per-finding evidence set verbatim (machine-readable)
ok 789 - JSON export carries the per-finding evidence set verbatim (machine-readable)
  ---
  duration_ms: 0.54075
  ...
# Subtest: family/ corpus is present and well-formed
ok 790 - family/ corpus is present and well-formed
  ---
  duration_ms: 3.997125
  ...
# Subtest: analyze() matches every family fixture coverage contract
ok 791 - analyze() matches every family fixture coverage contract
  ---
  duration_ms: 20.686375
  ...
# Subtest: analyze() is deterministic over the family corpus
ok 792 - analyze() is deterministic over the family corpus
  ---
  duration_ms: 6.579667
  ...
# Subtest: NotPrincipal is modeled as a DISTINCT element (not merged with Principal)
ok 793 - NotPrincipal is modeled as a DISTINCT element (not merged with Principal)
  ---
  duration_ms: 0.359166
  ...
# Subtest: NotPrincipal is rejected UNSUPPORTED_NOTPRINCIPAL with the exact path, never ignored
ok 794 - NotPrincipal is rejected UNSUPPORTED_NOTPRINCIPAL with the exact path, never ignored
  ---
  duration_ms: 0.487166
  ...
# Subtest: Principal + NotPrincipal in one statement is a hard schema error
ok 795 - Principal + NotPrincipal in one statement is a hard schema error
  ---
  duration_ms: 0.120375
  ...
# Subtest: detectFamily classifies each family from shape
ok 796 - detectFamily classifies each family from shape
  ---
  duration_ms: 0.17825
  ...
# Subtest: detectFamily: identity and role-trust are supported; a resource policy is not
ok 797 - detectFamily: identity and role-trust are supported; a resource policy is not
  ---
  duration_ms: 0.172125
  ...
# Subtest: manual override: selecting an unmodeled family blocks even a clean identity shape
ok 798 - manual override: selecting an unmodeled family blocks even a clean identity shape
  ---
  duration_ms: 0.681583
  ...
# Subtest: IAM-1002: permissions-boundary / session override on an identity shape is SUPPORTED (envelope evaluator)
ok 799 - IAM-1002: permissions-boundary / session override on an identity shape is SUPPORTED (envelope evaluator)
  ---
  duration_ms: 1.105917
  ...
# Subtest: IAM-1002: permissions-boundary / session override on a Principal-bearing shape fails closed
ok 800 - IAM-1002: permissions-boundary / session override on a Principal-bearing shape fails closed
  ---
  duration_ms: 0.6025
  ...
# Subtest: manual override "role-trust" on an identity shape fails closed (shape wins)
ok 801 - manual override "role-trust" on an identity shape fails closed (shape wins)
  ---
  duration_ms: 0.203084
  ...
# Subtest: manual override "identity" on a Principal-bearing shape fails closed UNSUPPORTED_PRINCIPAL (IAM-1001 test 67)
ok 802 - manual override "identity" on a Principal-bearing shape fails closed UNSUPPORTED_PRINCIPAL (IAM-1001 test 67)
  ---
  duration_ms: 0.175666
  ...
# Subtest: manual override "identity" on an identity shape analyzes normally
ok 803 - manual override "identity" on an identity shape analyzes normally
  ---
  duration_ms: 1.198875
  ...
# Subtest: an unrecognized/typo family token fails closed with INVALID_FAMILY (never auto-detect)
ok 804 - an unrecognized/typo family token fails closed with INVALID_FAMILY (never auto-detect)
  ---
  duration_ms: 0.172083
  ...
# Subtest: a recognized family with stray whitespace is trimmed, not rejected as invalid
ok 805 - a recognized family with stray whitespace is trimmed, not rejected as invalid
  ---
  duration_ms: 0.112041
  ...
# Subtest: an empty or whitespace-only family is no-selection (auto-detect), not INVALID_FAMILY
ok 806 - an empty or whitespace-only family is no-selection (auto-detect), not INVALID_FAMILY
  ---
  duration_ms: 0.077292
  ...
# Subtest: IAM-1103: recognized control-family synonyms (scp/rcp/trust) canonicalize and fail closed - never analyze as identity
ok 807 - IAM-1103: recognized control-family synonyms (scp/rcp/trust) canonicalize and fail closed - never analyze as identity
  ---
  duration_ms: 0.104917
  ...
# Subtest: IAM-1103: analyze() with family "scp" fails closed - no findings, no edges (DEF-05)
ok 808 - IAM-1103: analyze() with family "scp" fails closed - no findings, no edges (DEF-05)
  ---
  duration_ms: 0.06775
  ...
# Subtest: existing identity fixtures still auto-detect as identity and analyze
ok 809 - existing identity fixtures still auto-detect as identity and analyze
  ---
  duration_ms: 21.514875
  ...
# Subtest: pre-existing trust fixtures are analyzed by the role-trust evaluator (supported, no identity findings)
ok 810 - pre-existing trust fixtures are analyzed by the role-trust evaluator (supported, no identity findings)
  ---
  duration_ms: 3.028041
  ...
# Subtest: JSON + Markdown exports record family and blocking coverage
ok 811 - JSON + Markdown exports record family and blocking coverage
  ---
  duration_ms: 3.975792
  ...
# Subtest: a failed analysis records null family/coverage and exports without throwing
ok 812 - a failed analysis records null family/coverage and exports without throwing
  ---
  duration_ms: 0.406791
  ...
# Subtest: applicability matrix covers every rule + escalation id in the live catalog
ok 813 - applicability matrix covers every rule + escalation id in the live catalog
  ---
  duration_ms: 2.523458
  ...
# Subtest: fixture matrix complete for WILDCARD-ACTION
ok 814 - fixture matrix complete for WILDCARD-ACTION
  ---
  duration_ms: 0.387084
  ...
# Subtest: fixture matrix complete for WILDCARD-RESOURCE
ok 815 - fixture matrix complete for WILDCARD-RESOURCE
  ---
  duration_ms: 0.122125
  ...
# Subtest: fixture matrix complete for DIRECT-IAM-ADMIN
ok 816 - fixture matrix complete for DIRECT-IAM-ADMIN
  ---
  duration_ms: 0.131458
  ...
# Subtest: fixture matrix complete for DATA-EXFIL
ok 817 - fixture matrix complete for DATA-EXFIL
  ---
  duration_ms: 0.363708
  ...
# Subtest: fixture matrix complete for KMS-DECRYPT
ok 818 - fixture matrix complete for KMS-DECRYPT
  ---
  duration_ms: 0.089084
  ...
# Subtest: fixture matrix complete for DATA-READ
ok 819 - fixture matrix complete for DATA-READ
  ---
  duration_ms: 0.357666
  ...
# Subtest: fixture matrix complete for GROUP-MEMBERSHIP
ok 820 - fixture matrix complete for GROUP-MEMBERSHIP
  ---
  duration_ms: 0.100958
  ...
# Subtest: fixture matrix complete for DESTRUCTIVE-ACTION
ok 821 - fixture matrix complete for DESTRUCTIVE-ACTION
  ---
  duration_ms: 1.000666
  ...
# Subtest: fixture matrix complete for DETECTION-IMPAIRMENT
ok 822 - fixture matrix complete for DETECTION-IMPAIRMENT
  ---
  duration_ms: 0.828417
  ...
# Subtest: fixture matrix complete for NOTACTION-ALLOW
ok 823 - fixture matrix complete for NOTACTION-ALLOW
  ---
  duration_ms: 0.227375
  ...
# Subtest: fixture matrix complete for PASSROLE-LAMBDA
ok 824 - fixture matrix complete for PASSROLE-LAMBDA
  ---
  duration_ms: 0.078666
  ...
# Subtest: fixture matrix complete for PASSROLE-EC2
ok 825 - fixture matrix complete for PASSROLE-EC2
  ---
  duration_ms: 0.075667
  ...
# Subtest: fixture matrix complete for PASSROLE-SERVICE
ok 826 - fixture matrix complete for PASSROLE-SERVICE
  ---
  duration_ms: 0.049834
  ...
# Subtest: fixture matrix complete for POLICY-VERSION
ok 827 - fixture matrix complete for POLICY-VERSION
  ---
  duration_ms: 0.051875
  ...
# Subtest: fixture matrix complete for ATTACH-POLICY
ok 828 - fixture matrix complete for ATTACH-POLICY
  ---
  duration_ms: 0.046875
  ...
# Subtest: fixture matrix complete for PUT-INLINE-POLICY
ok 829 - fixture matrix complete for PUT-INLINE-POLICY
  ---
  duration_ms: 0.048459
  ...
# Subtest: fixture matrix complete for TRUST-POLICY-MODIFY
ok 830 - fixture matrix complete for TRUST-POLICY-MODIFY
  ---
  duration_ms: 0.051084
  ...
# Subtest: fixture matrix complete for CREDENTIAL-CREATION
ok 831 - fixture matrix complete for CREDENTIAL-CREATION
  ---
  duration_ms: 0.04775
  ...
# Subtest: fixture matrix complete for ASSUME-ROLE-EXPANSION
ok 832 - fixture matrix complete for ASSUME-ROLE-EXPANSION
  ---
  duration_ms: 0.047708
  ...
# Subtest: fixture matrix complete for ROLE-TAKEOVER
ok 833 - fixture matrix complete for ROLE-TAKEOVER
  ---
  duration_ms: 0.053125
  ...
# Subtest: hostile fixtures render every declared rule id with the payload inert
ok 834 - hostile fixtures render every declared rule id with the payload inert
  ---
  duration_ms: 31.545709
  ...
# Subtest: deterministic-export: JSON + Markdown are byte-identical across runs
ok 835 - deterministic-export: JSON + Markdown are byte-identical across runs
  ---
  duration_ms: 6.2795
  ...
# Subtest: family-mismatch: dangerous actions in an unmodeled family fail closed (not fired as identity rules)
ok 836 - family-mismatch: dangerous actions in an unmodeled family fail closed (not fired as identity rules)
  ---
  duration_ms: 14.311917
  ...
# Subtest: fixture acceptance/test-01-passrole-ec2-cross-statement.json: graph builds, invariants hold, edges match
ok 837 - fixture acceptance/test-01-passrole-ec2-cross-statement.json: graph builds, invariants hold, edges match
  ---
  duration_ms: 20.370334
  ...
# Subtest: fixture acceptance/test-02-passrole-condition-lambda-not-ec2.json: graph builds, invariants hold, edges match
ok 838 - fixture acceptance/test-02-passrole-condition-lambda-not-ec2.json: graph builds, invariants hold, edges match
  ---
  duration_ms: 2.053
  ...
# Subtest: fixture acceptance/test-03-separate-lambda-techniques.json: graph builds, invariants hold, edges match
ok 839 - fixture acceptance/test-03-separate-lambda-techniques.json: graph builds, invariants hold, edges match
  ---
  duration_ms: 1.841708
  ...
# Subtest: fixture acceptance/test-04-policy-version-object-statement.json: graph builds, invariants hold, edges match
ok 840 - fixture acceptance/test-04-policy-version-object-statement.json: graph builds, invariants hold, edges match
  ---
  duration_ms: 1.193208
  ...
# Subtest: fixture acceptance/test-05-access-key-creation.json: graph builds, invariants hold, edges match
ok 841 - fixture acceptance/test-05-access-key-creation.json: graph builds, invariants hold, edges match
  ---
  duration_ms: 0.310708
  ...
# Subtest: fixture acceptance/test-06-broad-cross-account-assumerole.json: graph builds, invariants hold, edges match
ok 842 - fixture acceptance/test-06-broad-cross-account-assumerole.json: graph builds, invariants hold, edges match
  ---
  duration_ms: 0.449167
  ...
# Subtest: fixture acceptance/test-07-s3-read-constrained-by-kms.json: graph builds, invariants hold, edges match
ok 843 - fixture acceptance/test-07-s3-read-constrained-by-kms.json: graph builds, invariants hold, edges match
  ---
  duration_ms: 0.514167
  ...
# Subtest: fixture acceptance/test-08-explicit-deny-no-capability-edge.json: graph builds, invariants hold, edges match
ok 844 - fixture acceptance/test-08-explicit-deny-no-capability-edge.json: graph builds, invariants hold, edges match
  ---
  duration_ms: 0.49
  ...
# Subtest: fixture acceptance/test-09-partial-deny-residual-destroy.json: graph builds, invariants hold, edges match
ok 845 - fixture acceptance/test-09-partial-deny-residual-destroy.json: graph builds, invariants hold, edges match
  ---
  duration_ms: 0.713875
  ...
# Subtest: fixture acceptance/test-10-negated-org-condition-trust.json: graph builds, invariants hold, edges match
ok 846 - fixture acceptance/test-10-negated-org-condition-trust.json: graph builds, invariants hold, edges match
  ---
  duration_ms: 0.437458
  ...
# Subtest: fixture acceptance/test-11-case-scalar-passrole-ec2.json: graph builds, invariants hold, edges match
ok 847 - fixture acceptance/test-11-case-scalar-passrole-ec2.json: graph builds, invariants hold, edges match
  ---
  duration_ms: 0.311375
  ...
# Subtest: fixture acceptance/test-12-iam-star-dedup.json: graph builds, invariants hold, edges match
ok 848 - fixture acceptance/test-12-iam-star-dedup.json: graph builds, invariants hold, edges match
  ---
  duration_ms: 0.98375
  ...
# Subtest: fixture acceptance/test-13-notaction-allow-complement.json: graph builds, invariants hold, edges match
ok 849 - fixture acceptance/test-13-notaction-allow-complement.json: graph builds, invariants hold, edges match
  ---
  duration_ms: 0.6075
  ...
# Subtest: fixture acceptance/test-14-notresource-allow-complement.json: graph builds, invariants hold, edges match
ok 850 - fixture acceptance/test-14-notresource-allow-complement.json: graph builds, invariants hold, edges match
  ---
  duration_ms: 0.3255
  ...
# Subtest: fixture acceptance/test-15-public-role-trust.json: graph builds, invariants hold, edges match
ok 851 - fixture acceptance/test-15-public-role-trust.json: graph builds, invariants hold, edges match
  ---
  duration_ms: 0.262333
  ...
# Subtest: fixture acceptance/test-16-externalid-trust.json: graph builds, invariants hold, edges match
ok 852 - fixture acceptance/test-16-externalid-trust.json: graph builds, invariants hold, edges match
  ---
  duration_ms: 0.38575
  ...
# Subtest: fixture acceptance/test-17-oidc-trust.json: graph builds, invariants hold, edges match
ok 853 - fixture acceptance/test-17-oidc-trust.json: graph builds, invariants hold, edges match
  ---
  duration_ms: 0.261042
  ...
# Subtest: fixture acceptance/test-18-service-trust-negative-control.json: graph builds, invariants hold, edges match
ok 854 - fixture acceptance/test-18-service-trust-negative-control.json: graph builds, invariants hold, edges match
  ---
  duration_ms: 0.087958
  ...
# Subtest: fixture acceptance/test-19-scp-fail-closed.json: graph builds, invariants hold, edges match
ok 855 - fixture acceptance/test-19-scp-fail-closed.json: graph builds, invariants hold, edges match
  ---
  duration_ms: 0.137125
  ...
# Subtest: fixture acceptance/test-20-mixed-policy-family.json: graph builds, invariants hold, edges match
ok 856 - fixture acceptance/test-20-mixed-policy-family.json: graph builds, invariants hold, edges match
  ---
  duration_ms: 0.1105
  ...
# Subtest: fixture acceptance/test-21-policy-variable-scoped-read.json: graph builds, invariants hold, edges match
ok 857 - fixture acceptance/test-21-policy-variable-scoped-read.json: graph builds, invariants hold, edges match
  ---
  duration_ms: 0.106416
  ...
# Subtest: fixture acceptance/test-22a-malformed-json.json: graph builds, invariants hold, edges match
ok 858 - fixture acceptance/test-22a-malformed-json.json: graph builds, invariants hold, edges match
  ---
  duration_ms: 0.438083
  ...
# Subtest: fixture acceptance/test-22b-missing-effect-action.json: graph builds, invariants hold, edges match
ok 859 - fixture acceptance/test-22b-missing-effect-action.json: graph builds, invariants hold, edges match
  ---
  duration_ms: 0.08425
  ...
# Subtest: fixture acceptance/test-22c-unsupported-version.json: graph builds, invariants hold, edges match
ok 860 - fixture acceptance/test-22c-unsupported-version.json: graph builds, invariants hold, edges match
  ---
  duration_ms: 0.122958
  ...
# Subtest: fixture acceptance/test-23-duplicate-subsumed.json: graph builds, invariants hold, edges match
ok 861 - fixture acceptance/test-23-duplicate-subsumed.json: graph builds, invariants hold, edges match
  ---
  duration_ms: 0.375042
  ...
# Subtest: fixture acceptance/test-24-graph-semantic-typing.json: graph builds, invariants hold, edges match
ok 862 - fixture acceptance/test-24-graph-semantic-typing.json: graph builds, invariants hold, edges match
  ---
  duration_ms: 8.199083
  ...
# Subtest: fixture acceptance-2/test-29-notprincipal-deny-hazard.json: graph builds, invariants hold, edges match
ok 863 - fixture acceptance-2/test-29-notprincipal-deny-hazard.json: graph builds, invariants hold, edges match
  ---
  duration_ms: 0.144792
  ...
# Subtest: fixture acceptance-2/test-34-role-takeover-positive.json: graph builds, invariants hold, edges match
ok 864 - fixture acceptance-2/test-34-role-takeover-positive.json: graph builds, invariants hold, edges match
  ---
  duration_ms: 0.598458
  ...
# Subtest: fixture acceptance-2/test-34b-role-takeover-partial-boundary.json: graph builds, invariants hold, edges match
ok 865 - fixture acceptance-2/test-34b-role-takeover-partial-boundary.json: graph builds, invariants hold, edges match
  ---
  duration_ms: 0.164833
  ...
# Subtest: fixture acceptance-2/test-36-add-user-to-privileged-group.json: graph builds, invariants hold, edges match
ok 866 - fixture acceptance-2/test-36-add-user-to-privileged-group.json: graph builds, invariants hold, edges match
  ---
  duration_ms: 0.223208
  ...
# Subtest: fixture acceptance-2/test-38-ecs-task-execution-two-roles.json: graph builds, invariants hold, edges match
ok 867 - fixture acceptance-2/test-38-ecs-task-execution-two-roles.json: graph builds, invariants hold, edges match
  ---
  duration_ms: 0.389791
  ...
# Subtest: fixture acceptance-2/test-44-duplicate-json-key.json: graph builds, invariants hold, edges match
ok 868 - fixture acceptance-2/test-44-duplicate-json-key.json: graph builds, invariants hold, edges match
  ---
  duration_ms: 0.057541
  ...
# Subtest: fixture acceptance-2/test-44b-same-key-different-objects-ok.json: graph builds, invariants hold, edges match
ok 869 - fixture acceptance-2/test-44b-same-key-different-objects-ok.json: graph builds, invariants hold, edges match
  ---
  duration_ms: 0.249333
  ...
# Subtest: fixture acceptance-2/test-48-invalid-wildcard-principal-arn.json: graph builds, invariants hold, edges match
ok 870 - fixture acceptance-2/test-48-invalid-wildcard-principal-arn.json: graph builds, invariants hold, edges match
  ---
  duration_ms: 0.067792
  ...
# Subtest: fixture acceptance-2/test-48b-specific-principal-arn-ok.json: graph builds, invariants hold, edges match
ok 871 - fixture acceptance-2/test-48b-specific-principal-arn-ok.json: graph builds, invariants hold, edges match
  ---
  duration_ms: 0.058792
  ...
# Subtest: fixture acceptance-2/test-48c-public-with-principalarn-condition-ok.json: graph builds, invariants hold, edges match
ok 872 - fixture acceptance-2/test-48c-public-with-principalarn-condition-ok.json: graph builds, invariants hold, edges match
  ---
  duration_ms: 0.066208
  ...
# Subtest: fixture acceptance-2/test-50-object-action-bucket-only-arn-mismatch.json: graph builds, invariants hold, edges match
ok 873 - fixture acceptance-2/test-50-object-action-bucket-only-arn-mismatch.json: graph builds, invariants hold, edges match
  ---
  duration_ms: 0.065792
  ...
# Subtest: fixture acceptance-2/test-50b-object-action-object-arn-ok.json: graph builds, invariants hold, edges match
ok 874 - fixture acceptance-2/test-50b-object-action-object-arn-ok.json: graph builds, invariants hold, edges match
  ---
  duration_ms: 1.453042
  ...
# Subtest: fixture acceptance-2-deferred/test-30-permissions-boundary-allow-is-a-ceiling-not-a-grant.json: graph builds, invariants hold, edges match
ok 875 - fixture acceptance-2-deferred/test-30-permissions-boundary-allow-is-a-ceiling-not-a-grant.json: graph builds, invariants hold, edges match
  ---
  duration_ms: 0.133833
  ...
# Subtest: fixture acceptance-2-deferred/test-31-session-policy-allow-is-a-session-restriction.json: graph builds, invariants hold, edges match
ok 876 - fixture acceptance-2-deferred/test-31-session-policy-allow-is-a-session-restriction.json: graph builds, invariants hold, edges match
  ---
  duration_ms: 0.144125
  ...
# Subtest: fixture acceptance-3/test-55-duplicate-action-dangerous-first.json: graph builds, invariants hold, edges match
ok 877 - fixture acceptance-3/test-55-duplicate-action-dangerous-first.json: graph builds, invariants hold, edges match
  ---
  duration_ms: 0.230459
  ...
# Subtest: fixture acceptance-3/test-56-duplicate-action-dangerous-last.json: graph builds, invariants hold, edges match
ok 878 - fixture acceptance-3/test-56-duplicate-action-dangerous-last.json: graph builds, invariants hold, edges match
  ---
  duration_ms: 0.210042
  ...
# Subtest: fixture acceptance-3/test-57-escaped-action-key-decodes.json: graph builds, invariants hold, edges match
ok 879 - fixture acceptance-3/test-57-escaped-action-key-decodes.json: graph builds, invariants hold, edges match
  ---
  duration_ms: 0.10125
  ...
# Subtest: fixture acceptance-3/test-58-duplicate-nested-condition-key.json: graph builds, invariants hold, edges match
ok 880 - fixture acceptance-3/test-58-duplicate-nested-condition-key.json: graph builds, invariants hold, edges match
  ---
  duration_ms: 0.050333
  ...
# Subtest: fixture acceptance-3/test-59-condition-key-case-variant-duplicate.json: graph builds, invariants hold, edges match
ok 881 - fixture acceptance-3/test-59-condition-key-case-variant-duplicate.json: graph builds, invariants hold, edges match
  ---
  duration_ms: 0.037583
  ...
# Subtest: fixture acceptance-3/test-60-duplicate-sids-flagged.json: graph builds, invariants hold, edges match
ok 882 - fixture acceptance-3/test-60-duplicate-sids-flagged.json: graph builds, invariants hold, edges match
  ---
  duration_ms: 0.434
  ...
# Subtest: fixture acceptance-3/test-61-jsonc-comments-trailing-commas-invalid.json: graph builds, invariants hold, edges match
ok 883 - fixture acceptance-3/test-61-jsonc-comments-trailing-commas-invalid.json: graph builds, invariants hold, edges match
  ---
  duration_ms: 0.06525
  ...
# Subtest: fixture acceptance-3/test-62-utf8-bom-stripped.json: graph builds, invariants hold, edges match
ok 884 - fixture acceptance-3/test-62-utf8-bom-stripped.json: graph builds, invariants hold, edges match
  ---
  duration_ms: 1.334208
  ...
# Subtest: fixture acceptance-3/test-72-exact-same-role-takeover.json: graph builds, invariants hold, edges match
ok 885 - fixture acceptance-3/test-72-exact-same-role-takeover.json: graph builds, invariants hold, edges match
  ---
  duration_ms: 2.798458
  ...
# Subtest: fixture acceptance-3/test-73-different-roles-no-correlation.json: graph builds, invariants hold, edges match
ok 886 - fixture acceptance-3/test-73-different-roles-no-correlation.json: graph builds, invariants hold, edges match
  ---
  duration_ms: 0.513584
  ...
# Subtest: fixture acceptance-3/test-74-wildcard-modifier-overlaps-exact-assumable-role.json: graph builds, invariants hold, edges match
ok 887 - fixture acceptance-3/test-74-wildcard-modifier-overlaps-exact-assumable-role.json: graph builds, invariants hold, edges match
  ---
  duration_ms: 0.662708
  ...
# Subtest: fixture acceptance-3/test-74b-wildcard-assume-covers-concrete-modify-takeover.json: graph builds, invariants hold, edges match
ok 888 - fixture acceptance-3/test-74b-wildcard-assume-covers-concrete-modify-takeover.json: graph builds, invariants hold, edges match
  ---
  duration_ms: 0.469792
  ...
# Subtest: fixture acceptance-3/test-75-arnnotequals-twin-negative.json: graph builds, invariants hold, edges match
ok 889 - fixture acceptance-3/test-75-arnnotequals-twin-negative.json: graph builds, invariants hold, edges match
  ---
  duration_ms: 14.804292
  ...
# Subtest: fixture acceptance-3/test-75-mutually-exclusive-conditions-prevent-correlation.json: graph builds, invariants hold, edges match
ok 890 - fixture acceptance-3/test-75-mutually-exclusive-conditions-prevent-correlation.json: graph builds, invariants hold, edges match
  ---
  duration_ms: 1.041167
  ...
# Subtest: fixture acceptance-3/test-75-notequals-twin-negative.json: graph builds, invariants hold, edges match
ok 891 - fixture acceptance-3/test-75-notequals-twin-negative.json: graph builds, invariants hold, edges match
  ---
  duration_ms: 0.703667
  ...
# Subtest: fixture acceptance-3/test-76-deny-removes-one-prerequisite.json: graph builds, invariants hold, edges match
ok 892 - fixture acceptance-3/test-76-deny-removes-one-prerequisite.json: graph builds, invariants hold, edges match
  ---
  duration_ms: 0.478125
  ...
# Subtest: fixture acceptance-3/test-77-attachrolepolicy-alternative.json: graph builds, invariants hold, edges match
ok 893 - fixture acceptance-3/test-77-attachrolepolicy-alternative.json: graph builds, invariants hold, edges match
  ---
  duration_ms: 0.762125
  ...
# Subtest: fixture acceptance-3/test-78-modify-without-assume.json: graph builds, invariants hold, edges match
ok 894 - fixture acceptance-3/test-78-modify-without-assume.json: graph builds, invariants hold, edges match
  ---
  duration_ms: 3.674
  ...
# Subtest: fixture acceptance-3/test-80-duplicate-modify-statements-one-path.json: graph builds, invariants hold, edges match
ok 895 - fixture acceptance-3/test-80-duplicate-modify-statements-one-path.json: graph builds, invariants hold, edges match
  ---
  duration_ms: 0.801667
  ...
# Subtest: fixture acceptance-3/test-81-asterisk-inside-role-principal-arn.json: graph builds, invariants hold, edges match
ok 896 - fixture acceptance-3/test-81-asterisk-inside-role-principal-arn.json: graph builds, invariants hold, edges match
  ---
  duration_ms: 0.2045
  ...
# Subtest: fixture acceptance-3/test-82-question-mark-inside-user-principal-arn.json: graph builds, invariants hold, edges match
ok 897 - fixture acceptance-3/test-82-question-mark-inside-user-principal-arn.json: graph builds, invariants hold, edges match
  ---
  duration_ms: 0.302833
  ...
# Subtest: fixture acceptance-3/test-83-one-invalid-member-poisons-principal-array.json: graph builds, invariants hold, edges match
ok 898 - fixture acceptance-3/test-83-one-invalid-member-poisons-principal-array.json: graph builds, invariants hold, edges match
  ---
  duration_ms: 0.17325
  ...
# Subtest: fixture acceptance-3/test-84-short-form-account-principal-valid.json: graph builds, invariants hold, edges match
ok 899 - fixture acceptance-3/test-84-short-form-account-principal-valid.json: graph builds, invariants hold, edges match
  ---
  duration_ms: 0.160042
  ...
# Subtest: fixture acceptance-3/test-85-principalarn-condition-wildcard-not-rejected.json: graph builds, invariants hold, edges match
ok 900 - fixture acceptance-3/test-85-principalarn-condition-wildcard-not-rejected.json: graph builds, invariants hold, edges match
  ---
  duration_ms: 0.178333
  ...
# Subtest: fixture acceptance-3/test-86-add-user-to-group-membership.json: graph builds, invariants hold, edges match
ok 901 - fixture acceptance-3/test-86-add-user-to-group-membership.json: graph builds, invariants hold, edges match
  ---
  duration_ms: 7.451417
  ...
# Subtest: fixture acceptance-3/test-86-service-partial-wildcard-invalid.json: graph builds, invariants hold, edges match
ok 902 - fixture acceptance-3/test-86-service-partial-wildcard-invalid.json: graph builds, invariants hold, edges match
  ---
  duration_ms: 0.223375
  ...
# Subtest: fixture acceptance-3/test-87-ecs-task-and-execution-separate.json: graph builds, invariants hold, edges match
ok 903 - fixture acceptance-3/test-87-ecs-task-and-execution-separate.json: graph builds, invariants hold, edges match
  ---
  duration_ms: 0.6695
  ...
# Subtest: fixture acceptance-3/test-87-federated-partial-wildcard-invalid.json: graph builds, invariants hold, edges match
ok 904 - fixture acceptance-3/test-87-federated-partial-wildcard-invalid.json: graph builds, invariants hold, edges match
  ---
  duration_ms: 0.236167
  ...
# Subtest: fixture acceptance-3/test-88-only-execution-role-passable.json: graph builds, invariants hold, edges match
ok 905 - fixture acceptance-3/test-88-only-execution-role-passable.json: graph builds, invariants hold, edges match
  ---
  duration_ms: 0.375916
  ...
# Subtest: fixture acceptance-3/test-89-only-task-role-passable.json: graph builds, invariants hold, edges match
ok 906 - fixture acceptance-3/test-89-only-task-role-passable.json: graph builds, invariants hold, edges match
  ---
  duration_ms: 4.672625
  ...
# Subtest: fixture acceptance-3/test-90-register-without-runtask.json: graph builds, invariants hold, edges match
ok 907 - fixture acceptance-3/test-90-register-without-runtask.json: graph builds, invariants hold, edges match
  ---
  duration_ms: 0.554542
  ...
# Subtest: fixture acceptance-3/test-91-cross-account-passrole-target.json: graph builds, invariants hold, edges match
ok 908 - fixture acceptance-3/test-91-cross-account-passrole-target.json: graph builds, invariants hold, edges match
  ---
  duration_ms: 0.585625
  ...
# Subtest: fixture acceptance-3/test-91b-cross-account-passrole-plus-wildcard.json: graph builds, invariants hold, edges match
ok 909 - fixture acceptance-3/test-91b-cross-account-passrole-plus-wildcard.json: graph builds, invariants hold, edges match
  ---
  duration_ms: 0.603208
  ...
# Subtest: fixture acceptance-3/test-91c-cross-account-passrole-plus-account-wildcard.json: graph builds, invariants hold, edges match
ok 910 - fixture acceptance-3/test-91c-cross-account-passrole-plus-account-wildcard.json: graph builds, invariants hold, edges match
  ---
  duration_ms: 0.205167
  ...
# Subtest: fixture acceptance-3/test-92-iam-listroles-required-wildcard.json: graph builds, invariants hold, edges match
ok 911 - fixture acceptance-3/test-92-iam-listroles-required-wildcard.json: graph builds, invariants hold, edges match
  ---
  duration_ms: 0.068167
  ...
# Subtest: fixture acceptance-3/test-93-ec2-describeinstances-required-wildcard.json: graph builds, invariants hold, edges match
ok 912 - fixture acceptance-3/test-93-ec2-describeinstances-required-wildcard.json: graph builds, invariants hold, edges match
  ---
  duration_ms: 0.052584
  ...
# Subtest: fixture acceptance-3/test-94-s3-listallmybuckets-required-wildcard.json: graph builds, invariants hold, edges match
ok 913 - fixture acceptance-3/test-94-s3-listallmybuckets-required-wildcard.json: graph builds, invariants hold, edges match
  ---
  duration_ms: 0.048833
  ...
# Subtest: fixture acceptance-3/test-95-mixed-per-action-resource.json: graph builds, invariants hold, edges match
ok 914 - fixture acceptance-3/test-95-mixed-per-action-resource.json: graph builds, invariants hold, edges match
  ---
  duration_ms: 0.092042
  ...
# Subtest: fixture acceptance-3/test-96-forallvalues-with-null-protection.json: graph builds, invariants hold, edges match
ok 915 - fixture acceptance-3/test-96-forallvalues-with-null-protection.json: graph builds, invariants hold, edges match
  ---
  duration_ms: 0.100291
  ...
# Subtest: fixture acceptance-3/test-97-empty-foranyvalue-never-matches.json: graph builds, invariants hold, edges match
ok 916 - fixture acceptance-3/test-97-empty-foranyvalue-never-matches.json: graph builds, invariants hold, edges match
  ---
  duration_ms: 0.088584
  ...
# Subtest: fixture acceptance-3/test-99-rendering-export-injection.json: graph builds, invariants hold, edges match
ok 917 - fixture acceptance-3/test-99-rendering-export-injection.json: graph builds, invariants hold, edges match
  ---
  duration_ms: 1.586167
  ...
# Subtest: fixture acceptance-4/test-101-public-object-read-anonymous.json: graph builds, invariants hold, edges match
ok 918 - fixture acceptance-4/test-101-public-object-read-anonymous.json: graph builds, invariants hold, edges match
  ---
  duration_ms: 0.255375
  ...
# Subtest: fixture acceptance-4/test-102-star-narrowed-principalorgid.json: graph builds, invariants hold, edges match
ok 919 - fixture acceptance-4/test-102-star-narrowed-principalorgid.json: graph builds, invariants hold, edges match
  ---
  duration_ms: 0.159167
  ...
# Subtest: fixture acceptance-4/test-103-star-sourceip-still-anonymous.json: graph builds, invariants hold, edges match
ok 920 - fixture acceptance-4/test-103-star-sourceip-still-anonymous.json: graph builds, invariants hold, edges match
  ---
  duration_ms: 0.141166
  ...
# Subtest: fixture acceptance-4/test-104-sse-deny-not-private.json: graph builds, invariants hold, edges match
ok 921 - fixture acceptance-4/test-104-sse-deny-not-private.json: graph builds, invariants hold, edges match
  ---
  duration_ms: 0.173708
  ...
# Subtest: fixture acceptance-4/test-105-putbucketpolicy-takeover.json: graph builds, invariants hold, edges match
ok 922 - fixture acceptance-4/test-105-putbucketpolicy-takeover.json: graph builds, invariants hold, edges match
  ---
  duration_ms: 0.129916
  ...
# Subtest: fixture acceptance-4/test-106-cross-account-object-read.json: graph builds, invariants hold, edges match
ok 923 - fixture acceptance-4/test-106-cross-account-object-read.json: graph builds, invariants hold, edges match
  ---
  duration_ms: 0.120708
  ...
# Subtest: fixture acceptance-4/test-107-same-account-user-grant.json: graph builds, invariants hold, edges match
ok 924 - fixture acceptance-4/test-107-same-account-user-grant.json: graph builds, invariants hold, edges match
  ---
  duration_ms: 0.149417
  ...
# Subtest: fixture acceptance-4/test-108-resourceaccount-not-narrowing.json: graph builds, invariants hold, edges match
ok 925 - fixture acceptance-4/test-108-resourceaccount-not-narrowing.json: graph builds, invariants hold, edges match
  ---
  duration_ms: 0.136458
  ...
# Subtest: fixture acceptance-4/test-128-canonicaluser-fail-closed.json: graph builds, invariants hold, edges match
ok 926 - fixture acceptance-4/test-128-canonicaluser-fail-closed.json: graph builds, invariants hold, edges match
  ---
  duration_ms: 0.121959
  ...
# Subtest: fixture acceptance-4-kms/test-109-star-not-anonymous.json: graph builds, invariants hold, edges match
ok 927 - fixture acceptance-4-kms/test-109-star-not-anonymous.json: graph builds, invariants hold, edges match
  ---
  duration_ms: 0.219916
  ...
# Subtest: fixture acceptance-4-kms/test-110-account-root-delegation.json: graph builds, invariants hold, edges match
ok 928 - fixture acceptance-4-kms/test-110-account-root-delegation.json: graph builds, invariants hold, edges match
  ---
  duration_ms: 0.210084
  ...
# Subtest: fixture acceptance-4-kms/test-111-viaservice-still-account-open.json: graph builds, invariants hold, edges match
ok 929 - fixture acceptance-4-kms/test-111-viaservice-still-account-open.json: graph builds, invariants hold, edges match
  ---
  duration_ms: 0.248083
  ...
# Subtest: fixture acceptance-4-kms/test-112-calleraccount-narrows.json: graph builds, invariants hold, edges match
ok 930 - fixture acceptance-4-kms/test-112-calleraccount-narrows.json: graph builds, invariants hold, edges match
  ---
  duration_ms: 0.226375
  ...
# Subtest: fixture acceptance-4-kms/test-113-cross-account-root.json: graph builds, invariants hold, edges match
ok 931 - fixture acceptance-4-kms/test-113-cross-account-root.json: graph builds, invariants hold, edges match
  ---
  duration_ms: 0.185625
  ...
# Subtest: fixture acceptance-4-kms/test-114-creategrant-delegation.json: graph builds, invariants hold, edges match
ok 932 - fixture acceptance-4-kms/test-114-creategrant-delegation.json: graph builds, invariants hold, edges match
  ---
  duration_ms: 0.133541
  ...
# Subtest: fixture acceptance-4-kms/test-115-silent-policy-unknown.json: graph builds, invariants hold, edges match
ok 933 - fixture acceptance-4-kms/test-115-silent-policy-unknown.json: graph builds, invariants hold, edges match
  ---
  duration_ms: 0.166916
  ...
# Subtest: fixture acceptance-4-kms/test-116-transport-deny-not-private.json: graph builds, invariants hold, edges match
ok 934 - fixture acceptance-4-kms/test-116-transport-deny-not-private.json: graph builds, invariants hold, edges match
  ---
  duration_ms: 0.222791
  ...
# Subtest: fixture acceptance-4-kms/test-127-silent-deny-only-unknown.json: graph builds, invariants hold, edges match
ok 935 - fixture acceptance-4-kms/test-127-silent-deny-only-unknown.json: graph builds, invariants hold, edges match
  ---
  duration_ms: 0.121875
  ...
# Subtest: fixture acceptance-4-messaging/test-117-sns-public-subscribe-exfil.json: graph builds, invariants hold, edges match
ok 936 - fixture acceptance-4-messaging/test-117-sns-public-subscribe-exfil.json: graph builds, invariants hold, edges match
  ---
  duration_ms: 0.121125
  ...
# Subtest: fixture acceptance-4-messaging/test-118-sns-service-publish-unbound.json: graph builds, invariants hold, edges match
ok 937 - fixture acceptance-4-messaging/test-118-sns-service-publish-unbound.json: graph builds, invariants hold, edges match
  ---
  duration_ms: 0.117417
  ...
# Subtest: fixture acceptance-4-messaging/test-119-sns-source-bound-publish.json: graph builds, invariants hold, edges match
ok 938 - fixture acceptance-4-messaging/test-119-sns-source-bound-publish.json: graph builds, invariants hold, edges match
  ---
  duration_ms: 0.146667
  ...
# Subtest: fixture acceptance-4-messaging/test-120-sns-star-narrowed-principalorgid.json: graph builds, invariants hold, edges match
ok 939 - fixture acceptance-4-messaging/test-120-sns-star-narrowed-principalorgid.json: graph builds, invariants hold, edges match
  ---
  duration_ms: 0.131
  ...
# Subtest: fixture acceptance-4-messaging/test-121-sns-deprecated-sourceowner.json: graph builds, invariants hold, edges match
ok 940 - fixture acceptance-4-messaging/test-121-sns-deprecated-sourceowner.json: graph builds, invariants hold, edges match
  ---
  duration_ms: 0.144125
  ...
# Subtest: fixture acceptance-4-messaging/test-122-sqs-public-receive-anonymous.json: graph builds, invariants hold, edges match
ok 941 - fixture acceptance-4-messaging/test-122-sqs-public-receive-anonymous.json: graph builds, invariants hold, edges match
  ---
  duration_ms: 0.12
  ...
# Subtest: fixture acceptance-4-messaging/test-123-sqs-source-bound-send.json: graph builds, invariants hold, edges match
ok 942 - fixture acceptance-4-messaging/test-123-sqs-source-bound-send.json: graph builds, invariants hold, edges match
  ---
  duration_ms: 0.146917
  ...
# Subtest: fixture acceptance-4-messaging/test-124-sqs-service-send-unbound.json: graph builds, invariants hold, edges match
ok 943 - fixture acceptance-4-messaging/test-124-sqs-service-send-unbound.json: graph builds, invariants hold, edges match
  ---
  duration_ms: 0.120458
  ...
# Subtest: fixture acceptance-4-messaging/test-125-sqs-sourcearn-matchall-bypassed.json: graph builds, invariants hold, edges match
ok 944 - fixture acceptance-4-messaging/test-125-sqs-sourcearn-matchall-bypassed.json: graph builds, invariants hold, edges match
  ---
  duration_ms: 0.138375
  ...
# Subtest: fixture acceptance-4-messaging/test-126-sqs-crossaccount-full-control.json: graph builds, invariants hold, edges match
ok 945 - fixture acceptance-4-messaging/test-126-sqs-crossaccount-full-control.json: graph builds, invariants hold, edges match
  ---
  duration_ms: 0.210416
  ...
# Subtest: fixture adversarial/hostile-strings-capability-rules.json: graph builds, invariants hold, edges match
ok 946 - fixture adversarial/hostile-strings-capability-rules.json: graph builds, invariants hold, edges match
  ---
  duration_ms: 1.824125
  ...
# Subtest: fixture adversarial/hostile-strings-escalation-paths.json: graph builds, invariants hold, edges match
ok 947 - fixture adversarial/hostile-strings-escalation-paths.json: graph builds, invariants hold, edges match
  ---
  duration_ms: 1.262834
  ...
# Subtest: fixture adversarial/oversized-statements.json: graph builds, invariants hold, edges match
ok 948 - fixture adversarial/oversized-statements.json: graph builds, invariants hold, edges match
  ---
  duration_ms: 14.731375
  ...
# Subtest: fixture adversarial/proto-pollution-nested.json: graph builds, invariants hold, edges match
ok 949 - fixture adversarial/proto-pollution-nested.json: graph builds, invariants hold, edges match
  ---
  duration_ms: 0.363125
  ...
# Subtest: fixture adversarial/proto-string-value-boundary.json: graph builds, invariants hold, edges match
ok 950 - fixture adversarial/proto-string-value-boundary.json: graph builds, invariants hold, edges match
  ---
  duration_ms: 0.36925
  ...
# Subtest: fixture adversarial/xss-in-sid-and-arn.json: graph builds, invariants hold, edges match
ok 951 - fixture adversarial/xss-in-sid-and-arn.json: graph builds, invariants hold, edges match
  ---
  duration_ms: 0.231792
  ...
# Subtest: fixture assume-role/assume-role-notresource-boundary.json: graph builds, invariants hold, edges match
ok 952 - fixture assume-role/assume-role-notresource-boundary.json: graph builds, invariants hold, edges match
  ---
  duration_ms: 0.467875
  ...
# Subtest: fixture assume-role/assume-role-partial-wildcard-boundary.json: graph builds, invariants hold, edges match
ok 953 - fixture assume-role/assume-role-partial-wildcard-boundary.json: graph builds, invariants hold, edges match
  ---
  duration_ms: 4.274417
  ...
# Subtest: fixture assume-role/assume-role-scoped-negative.json: graph builds, invariants hold, edges match
ok 954 - fixture assume-role/assume-role-scoped-negative.json: graph builds, invariants hold, edges match
  ---
  duration_ms: 0.324333
  ...
# Subtest: fixture assume-role/assume-role-wildcard-positive.json: graph builds, invariants hold, edges match
ok 955 - fixture assume-role/assume-role-wildcard-positive.json: graph builds, invariants hold, edges match
  ---
  duration_ms: 0.2675
  ...
# Subtest: fixture assume-role/identity-assumerole-wildcard-positive.json: graph builds, invariants hold, edges match
ok 956 - fixture assume-role/identity-assumerole-wildcard-positive.json: graph builds, invariants hold, edges match
  ---
  duration_ms: 0.217292
  ...
# Subtest: fixture assume-role/trust-policy-not-escalation.json: graph builds, invariants hold, edges match
ok 957 - fixture assume-role/trust-policy-not-escalation.json: graph builds, invariants hold, edges match
  ---
  duration_ms: 0.117958
  ...
# Subtest: fixture assume-role/update-assume-role-conditioned-boundary.json: graph builds, invariants hold, edges match
ok 958 - fixture assume-role/update-assume-role-conditioned-boundary.json: graph builds, invariants hold, edges match
  ---
  duration_ms: 0.821792
  ...
# Subtest: fixture assume-role/update-assume-role-policy-positive.json: graph builds, invariants hold, edges match
ok 959 - fixture assume-role/update-assume-role-policy-positive.json: graph builds, invariants hold, edges match
  ---
  duration_ms: 0.634667
  ...
# Subtest: fixture attach-policy/attach-conditioned-boundary.json: graph builds, invariants hold, edges match
ok 960 - fixture attach-policy/attach-conditioned-boundary.json: graph builds, invariants hold, edges match
  ---
  duration_ms: 0.281666
  ...
# Subtest: fixture attach-policy/attach-denied-unconditional-negative.json: graph builds, invariants hold, edges match
ok 961 - fixture attach-policy/attach-denied-unconditional-negative.json: graph builds, invariants hold, edges match
  ---
  duration_ms: 0.387584
  ...
# Subtest: fixture attach-policy/attach-role-policy-positive.json: graph builds, invariants hold, edges match
ok 962 - fixture attach-policy/attach-role-policy-positive.json: graph builds, invariants hold, edges match
  ---
  duration_ms: 0.217542
  ...
# Subtest: fixture attach-policy/list-attached-policies-negative.json: graph builds, invariants hold, edges match
ok 963 - fixture attach-policy/list-attached-policies-negative.json: graph builds, invariants hold, edges match
  ---
  duration_ms: 0.15525
  ...
# Subtest: fixture attach-policy/put-user-policy-positive.json: graph builds, invariants hold, edges match
ok 964 - fixture attach-policy/put-user-policy-positive.json: graph builds, invariants hold, edges match
  ---
  duration_ms: 0.208542
  ...
# Subtest: fixture condition-class/footgun-operators-not-credited.json: graph builds, invariants hold, edges match
ok 965 - fixture condition-class/footgun-operators-not-credited.json: graph builds, invariants hold, edges match
  ---
  duration_ms: 1.0665
  ...
# Subtest: fixture condition-class/known-keys-mixed-classes.json: graph builds, invariants hold, edges match
ok 966 - fixture condition-class/known-keys-mixed-classes.json: graph builds, invariants hold, edges match
  ---
  duration_ms: 0.471417
  ...
# Subtest: fixture condition-class/trust-condition-keys-modeled.json: graph builds, invariants hold, edges match
ok 967 - fixture condition-class/trust-condition-keys-modeled.json: graph builds, invariants hold, edges match
  ---
  duration_ms: 0.206292
  ...
# Subtest: fixture condition-class/unknown-condition-not-credited.json: graph builds, invariants hold, edges match
ok 968 - fixture condition-class/unknown-condition-not-credited.json: graph builds, invariants hold, edges match
  ---
  duration_ms: 0.187292
  ...
# Subtest: fixture credential-creation/create-access-key-conditioned-boundary.json: graph builds, invariants hold, edges match
ok 969 - fixture credential-creation/create-access-key-conditioned-boundary.json: graph builds, invariants hold, edges match
  ---
  duration_ms: 1.726709
  ...
# Subtest: fixture credential-creation/create-access-key-positive.json: graph builds, invariants hold, edges match
ok 970 - fixture credential-creation/create-access-key-positive.json: graph builds, invariants hold, edges match
  ---
  duration_ms: 0.157959
  ...
# Subtest: fixture credential-creation/iam-star-notaction-deny-narrows.json: graph builds, invariants hold, edges match
ok 971 - fixture credential-creation/iam-star-notaction-deny-narrows.json: graph builds, invariants hold, edges match
  ---
  duration_ms: 2.495292
  ...
# Subtest: fixture credential-creation/login-profile-positive.json: graph builds, invariants hold, edges match
ok 972 - fixture credential-creation/login-profile-positive.json: graph builds, invariants hold, edges match
  ---
  duration_ms: 0.940458
  ...
# Subtest: fixture credential-creation/read-only-negative.json: graph builds, invariants hold, edges match
ok 973 - fixture credential-creation/read-only-negative.json: graph builds, invariants hold, edges match
  ---
  duration_ms: 0.115833
  ...
# Subtest: fixture destructive/delete-conditioned-notresource-boundary.json: graph builds, invariants hold, edges match
ok 974 - fixture destructive/delete-conditioned-notresource-boundary.json: graph builds, invariants hold, edges match
  ---
  duration_ms: 6.107083
  ...
# Subtest: fixture destructive/delete-verb-wildcard-boundary.json: graph builds, invariants hold, edges match
ok 975 - fixture destructive/delete-verb-wildcard-boundary.json: graph builds, invariants hold, edges match
  ---
  duration_ms: 0.529375
  ...
# Subtest: fixture destructive/read-only-negative.json: graph builds, invariants hold, edges match
ok 976 - fixture destructive/read-only-negative.json: graph builds, invariants hold, edges match
  ---
  duration_ms: 0.228708
  ...
# Subtest: fixture destructive/terminate-and-delete-positive.json: graph builds, invariants hold, edges match
ok 977 - fixture destructive/terminate-and-delete-positive.json: graph builds, invariants hold, edges match
  ---
  duration_ms: 0.266083
  ...
# Subtest: fixture detection/security-read-only-negative.json: graph builds, invariants hold, edges match
ok 978 - fixture detection/security-read-only-negative.json: graph builds, invariants hold, edges match
  ---
  duration_ms: 0.269208
  ...
# Subtest: fixture detection/stop-security-telemetry-positive.json: graph builds, invariants hold, edges match
ok 979 - fixture detection/stop-security-telemetry-positive.json: graph builds, invariants hold, edges match
  ---
  duration_ms: 0.240375
  ...
# Subtest: fixture detection/stop-telemetry-conditioned-notresource-deny-boundary.json: graph builds, invariants hold, edges match
ok 980 - fixture detection/stop-telemetry-conditioned-notresource-deny-boundary.json: graph builds, invariants hold, edges match
  ---
  duration_ms: 0.312458
  ...
# Subtest: fixture detection/stoplogging-wildcard-resource-boundary.json: graph builds, invariants hold, edges match
ok 981 - fixture detection/stoplogging-wildcard-resource-boundary.json: graph builds, invariants hold, edges match
  ---
  duration_ms: 0.191125
  ...
# Subtest: fixture direct-iam/iam-get-wildcard-boundary.json: graph builds, invariants hold, edges match
ok 982 - fixture direct-iam/iam-get-wildcard-boundary.json: graph builds, invariants hold, edges match
  ---
  duration_ms: 0.133333
  ...
# Subtest: fixture direct-iam/iam-read-only-negative.json: graph builds, invariants hold, edges match
ok 983 - fixture direct-iam/iam-read-only-negative.json: graph builds, invariants hold, edges match
  ---
  duration_ms: 1.404625
  ...
# Subtest: fixture direct-iam/iam-star-full-admin-positive.json: graph builds, invariants hold, edges match
ok 984 - fixture direct-iam/iam-star-full-admin-positive.json: graph builds, invariants hold, edges match
  ---
  duration_ms: 0.403417
  ...
# Subtest: fixture direct-iam/iam-write-actions-positive.json: graph builds, invariants hold, edges match
ok 985 - fixture direct-iam/iam-write-actions-positive.json: graph builds, invariants hold, edges match
  ---
  duration_ms: 0.401583
  ...
# Subtest: fixture direct-iam/iam-write-notresource-boundary.json: graph builds, invariants hold, edges match
ok 986 - fixture direct-iam/iam-write-notresource-boundary.json: graph builds, invariants hold, edges match
  ---
  duration_ms: 0.979625
  ...
# Subtest: fixture exfil/data-read-conditioned-with-deny.json: graph builds, invariants hold, edges match
ok 987 - fixture exfil/data-read-conditioned-with-deny.json: graph builds, invariants hold, edges match
  ---
  duration_ms: 0.385875
  ...
# Subtest: fixture exfil/data-read-sensitive-name-positive.json: graph builds, invariants hold, edges match
ok 988 - fixture exfil/data-read-sensitive-name-positive.json: graph builds, invariants hold, edges match
  ---
  duration_ms: 0.193667
  ...
# Subtest: fixture exfil/data-read-variable-scoped-boundary.json: graph builds, invariants hold, edges match
ok 989 - fixture exfil/data-read-variable-scoped-boundary.json: graph builds, invariants hold, edges match
  ---
  duration_ms: 0.144709
  ...
# Subtest: fixture exfil/kms-decrypt-notresource-conditional-deny-boundary.json: graph builds, invariants hold, edges match
ok 990 - fixture exfil/kms-decrypt-notresource-conditional-deny-boundary.json: graph builds, invariants hold, edges match
  ---
  duration_ms: 0.272125
  ...
# Subtest: fixture exfil/kms-decrypt-star-subsumes-wildcard-resource.json: graph builds, invariants hold, edges match
ok 991 - fixture exfil/kms-decrypt-star-subsumes-wildcard-resource.json: graph builds, invariants hold, edges match
  ---
  duration_ms: 0.256583
  ...
# Subtest: fixture exfil/kms-encrypt-only-negative.json: graph builds, invariants hold, edges match
ok 992 - fixture exfil/kms-encrypt-only-negative.json: graph builds, invariants hold, edges match
  ---
  duration_ms: 0.073416
  ...
# Subtest: fixture exfil/s3-getobject-scoped-negative.json: graph builds, invariants hold, edges match
ok 993 - fixture exfil/s3-getobject-scoped-negative.json: graph builds, invariants hold, edges match
  ---
  duration_ms: 0.051541
  ...
# Subtest: fixture exfil/s3-getobject-star-positive.json: graph builds, invariants hold, edges match
ok 994 - fixture exfil/s3-getobject-star-positive.json: graph builds, invariants hold, edges match
  ---
  duration_ms: 0.056792
  ...
# Subtest: fixture exfil/secrets-and-kms-positive.json: graph builds, invariants hold, edges match
ok 995 - fixture exfil/secrets-and-kms-positive.json: graph builds, invariants hold, edges match
  ---
  duration_ms: 0.082375
  ...
# Subtest: fixture exfil/secrets-scoped-boundary.json: graph builds, invariants hold, edges match
ok 996 - fixture exfil/secrets-scoped-boundary.json: graph builds, invariants hold, edges match
  ---
  duration_ms: 0.05875
  ...
# Subtest: fixture explicit-deny/allow-no-deny-negative.json: graph builds, invariants hold, edges match
ok 997 - fixture explicit-deny/allow-no-deny-negative.json: graph builds, invariants hold, edges match
  ---
  duration_ms: 0.0555
  ...
# Subtest: fixture explicit-deny/deny-conditional-boundary.json: graph builds, invariants hold, edges match
ok 998 - fixture explicit-deny/deny-conditional-boundary.json: graph builds, invariants hold, edges match
  ---
  duration_ms: 0.092042
  ...
# Subtest: fixture explicit-deny/deny-overrides-allow.json: graph builds, invariants hold, edges match
ok 999 - fixture explicit-deny/deny-overrides-allow.json: graph builds, invariants hold, edges match
  ---
  duration_ms: 0.06925
  ...
# Subtest: fixture explicit-deny/deny-scoped-does-not-overreach.json: graph builds, invariants hold, edges match
ok 1000 - fixture explicit-deny/deny-scoped-does-not-overreach.json: graph builds, invariants hold, edges match
  ---
  duration_ms: 0.060542
  ...
# Subtest: fixture family/identity-auto-detect.json: graph builds, invariants hold, edges match
ok 1001 - fixture family/identity-auto-detect.json: graph builds, invariants hold, edges match
  ---
  duration_ms: 0.059
  ...
# Subtest: fixture family/mixed-ambiguous-blocked.json: graph builds, invariants hold, edges match
ok 1002 - fixture family/mixed-ambiguous-blocked.json: graph builds, invariants hold, edges match
  ---
  duration_ms: 0.0575
  ...
# Subtest: fixture family/notprincipal-rejected.json: graph builds, invariants hold, edges match
ok 1003 - fixture family/notprincipal-rejected.json: graph builds, invariants hold, edges match
  ---
  duration_ms: 0.040208
  ...
# Subtest: fixture family/principal-and-notprincipal-invalid.json: graph builds, invariants hold, edges match
ok 1004 - fixture family/principal-and-notprincipal-invalid.json: graph builds, invariants hold, edges match
  ---
  duration_ms: 0.041584
  ...
# Subtest: fixture family/resource-assume-role-blocked.json: graph builds, invariants hold, edges match
ok 1005 - fixture family/resource-assume-role-blocked.json: graph builds, invariants hold, edges match
  ---
  duration_ms: 0.053459
  ...
# Subtest: fixture family/resource-policy-blocked.json: graph builds, invariants hold, edges match
ok 1006 - fixture family/resource-policy-blocked.json: graph builds, invariants hold, edges match
  ---
  duration_ms: 0.043375
  ...
# Subtest: fixture family/role-trust-service-supported.json: graph builds, invariants hold, edges match
ok 1007 - fixture family/role-trust-service-supported.json: graph builds, invariants hold, edges match
  ---
  duration_ms: 0.039542
  ...
# Subtest: fixture family-envelope/test-30-permissions-boundary-envelope.json: graph builds, invariants hold, edges match
ok 1008 - fixture family-envelope/test-30-permissions-boundary-envelope.json: graph builds, invariants hold, edges match
  ---
  duration_ms: 0.060042
  ...
# Subtest: fixture family-envelope/test-31-session-ceiling.json: graph builds, invariants hold, edges match
ok 1009 - fixture family-envelope/test-31-session-ceiling.json: graph builds, invariants hold, edges match
  ---
  duration_ms: 0.041
  ...
# Subtest: fixture family-envelope/test-65-boundary-allow-heavy.json: graph builds, invariants hold, edges match
ok 1010 - fixture family-envelope/test-65-boundary-allow-heavy.json: graph builds, invariants hold, edges match
  ---
  duration_ms: 0.055625
  ...
# Subtest: fixture family-envelope/test-66-session-selected.json: graph builds, invariants hold, edges match
ok 1011 - fixture family-envelope/test-66-session-selected.json: graph builds, invariants hold, edges match
  ---
  duration_ms: 0.042542
  ...
# Subtest: fixture family-rcp/rcp-inverted-org-scope-hazard.json: graph builds, invariants hold, edges match
ok 1012 - fixture family-rcp/rcp-inverted-org-scope-hazard.json: graph builds, invariants hold, edges match
  ---
  duration_ms: 0.05025
  ...
# Subtest: fixture family-rcp/rcp-org-perimeter-guardrail.json: graph builds, invariants hold, edges match
ok 1013 - fixture family-rcp/rcp-org-perimeter-guardrail.json: graph builds, invariants hold, edges match
  ---
  duration_ms: 0.037791
  ...
# Subtest: fixture family-rcp/test-52-rcp-confused-deputy-guardrail.json: graph builds, invariants hold, edges match
ok 1014 - fixture family-rcp/test-52-rcp-confused-deputy-guardrail.json: graph builds, invariants hold, edges match
  ---
  duration_ms: 0.042167
  ...
# Subtest: fixture family-scp/mixed-fullawsaccess-region-deny.json: graph builds, invariants hold, edges match
ok 1015 - fixture family-scp/mixed-fullawsaccess-region-deny.json: graph builds, invariants hold, edges match
  ---
  duration_ms: 0.750458
  ...
# Subtest: fixture family-scp/test-19-scp-deny-guardrail.json: graph builds, invariants hold, edges match
ok 1016 - fixture family-scp/test-19-scp-deny-guardrail.json: graph builds, invariants hold, edges match
  ---
  duration_ms: 0.193959
  ...
# Subtest: fixture family-scp/test-43-negated-ifexists-deny.json: graph builds, invariants hold, edges match
ok 1017 - fixture family-scp/test-43-negated-ifexists-deny.json: graph builds, invariants hold, edges match
  ---
  duration_ms: 0.12525
  ...
# Subtest: fixture family-selection/64-no-family-selected.json: graph builds, invariants hold, edges match
ok 1018 - fixture family-selection/64-no-family-selected.json: graph builds, invariants hold, edges match
  ---
  duration_ms: 0.148667
  ...
# Subtest: fixture family-selection/67-identity-rejects-principal.json: graph builds, invariants hold, edges match
ok 1019 - fixture family-selection/67-identity-rejects-principal.json: graph builds, invariants hold, edges match
  ---
  duration_ms: 0.126708
  ...
# Subtest: fixture family-selection/68-trust-rejects-resource.json: graph builds, invariants hold, edges match
ok 1020 - fixture family-selection/68-trust-rejects-resource.json: graph builds, invariants hold, edges match
  ---
  duration_ms: 0.122875
  ...
# Subtest: fixture family-selection/69-resource-family-unsupported.json: graph builds, invariants hold, edges match
ok 1021 - fixture family-selection/69-resource-family-unsupported.json: graph builds, invariants hold, edges match
  ---
  duration_ms: 0.104708
  ...
# Subtest: fixture family-selection/69b-scp-rcp-family-unsupported.json: graph builds, invariants hold, edges match
ok 1022 - fixture family-selection/69b-scp-rcp-family-unsupported.json: graph builds, invariants hold, edges match
  ---
  duration_ms: 0.136458
  ...
# Subtest: fixture family-selection/positive-auto-detect-selected-analyzes.json: graph builds, invariants hold, edges match
ok 1023 - fixture family-selection/positive-auto-detect-selected-analyzes.json: graph builds, invariants hold, edges match
  ---
  duration_ms: 0.814791
  ...
# Subtest: fixture family-selection/positive-identity-selected-analyzes.json: graph builds, invariants hold, edges match
ok 1024 - fixture family-selection/positive-identity-selected-analyzes.json: graph builds, invariants hold, edges match
  ---
  duration_ms: 1.628334
  ...
# Subtest: fixture graph/assume-role-potential.json: graph builds, invariants hold, edges match
ok 1025 - fixture graph/assume-role-potential.json: graph builds, invariants hold, edges match
  ---
  duration_ms: 0.585542
  ...
# Subtest: fixture graph/conditional-deny-edge.json: graph builds, invariants hold, edges match
ok 1026 - fixture graph/conditional-deny-edge.json: graph builds, invariants hold, edges match
  ---
  duration_ms: 2.247791
  ...
# Subtest: fixture graph/credential-creation-target.json: graph builds, invariants hold, edges match
ok 1027 - fixture graph/credential-creation-target.json: graph builds, invariants hold, edges match
  ---
  duration_ms: 0.230459
  ...
# Subtest: fixture graph/explicit-deny-blocked.json: graph builds, invariants hold, edges match
ok 1028 - fixture graph/explicit-deny-blocked.json: graph builds, invariants hold, edges match
  ---
  duration_ms: 0.074958
  ...
# Subtest: fixture graph/kms-decrypt-can-decrypt-edge.json: graph builds, invariants hold, edges match
ok 1029 - fixture graph/kms-decrypt-can-decrypt-edge.json: graph builds, invariants hold, edges match
  ---
  duration_ms: 0.07175
  ...
# Subtest: fixture graph/lane-grouped-multi-category.json: graph builds, invariants hold, edges match
ok 1030 - fixture graph/lane-grouped-multi-category.json: graph builds, invariants hold, edges match
  ---
  duration_ms: 0.429958
  ...
# Subtest: fixture graph/malformed-not-json.json: graph builds, invariants hold, edges match
ok 1031 - fixture graph/malformed-not-json.json: graph builds, invariants hold, edges match
  ---
  duration_ms: 0.171917
  ...
# Subtest: fixture graph/passrole-transition-unknown-privileges.json: graph builds, invariants hold, edges match
ok 1032 - fixture graph/passrole-transition-unknown-privileges.json: graph builds, invariants hold, edges match
  ---
  duration_ms: 7.671792
  ...
# Subtest: fixture graph/rule-edge-conditional-deny-narrows.json: graph builds, invariants hold, edges match
ok 1033 - fixture graph/rule-edge-conditional-deny-narrows.json: graph builds, invariants hold, edges match
  ---
  duration_ms: 6.222792
  ...
# Subtest: fixture graph/rule-edge-fully-denied.json: graph builds, invariants hold, edges match
ok 1034 - fixture graph/rule-edge-fully-denied.json: graph builds, invariants hold, edges match
  ---
  duration_ms: 0.500792
  ...
# Subtest: fixture graph/rule-edge-narrow-deny-stays-confirmed.json: graph builds, invariants hold, edges match
ok 1035 - fixture graph/rule-edge-narrow-deny-stays-confirmed.json: graph builds, invariants hold, edges match
  ---
  duration_ms: 0.331792
  ...
# Subtest: fixture graph/rule-edge-notaction-deny-narrows-full-star.json: graph builds, invariants hold, edges match
ok 1036 - fixture graph/rule-edge-notaction-deny-narrows-full-star.json: graph builds, invariants hold, edges match
  ---
  duration_ms: 1.461958
  ...
# Subtest: fixture graph/rule-edge-notaction-deny-narrows-wildcard.json: graph builds, invariants hold, edges match
ok 1037 - fixture graph/rule-edge-notaction-deny-narrows-wildcard.json: graph builds, invariants hold, edges match
  ---
  duration_ms: 0.281125
  ...
# Subtest: fixture graph/rule-edge-partially-denied.json: graph builds, invariants hold, edges match
ok 1038 - fixture graph/rule-edge-partially-denied.json: graph builds, invariants hold, edges match
  ---
  duration_ms: 0.21875
  ...
# Subtest: fixture graph/safe-empty-negative.json: graph builds, invariants hold, edges match
ok 1039 - fixture graph/safe-empty-negative.json: graph builds, invariants hold, edges match
  ---
  duration_ms: 0.132292
  ...
# Subtest: fixture graph/svg-injection-inert.json: graph builds, invariants hold, edges match
ok 1040 - fixture graph/svg-injection-inert.json: graph builds, invariants hold, edges match
  ---
  duration_ms: 0.316083
  ...
# Subtest: fixture graph/trust-modify-conditioned.json: graph builds, invariants hold, edges match
ok 1041 - fixture graph/trust-modify-conditioned.json: graph builds, invariants hold, edges match
  ---
  duration_ms: 0.164334
  ...
# Subtest: fixture group-membership/add-user-to-group-hostile.json: graph builds, invariants hold, edges match
ok 1042 - fixture group-membership/add-user-to-group-hostile.json: graph builds, invariants hold, edges match
  ---
  duration_ms: 0.381542
  ...
# Subtest: fixture group-membership/add-user-to-group-negative.json: graph builds, invariants hold, edges match
ok 1043 - fixture group-membership/add-user-to-group-negative.json: graph builds, invariants hold, edges match
  ---
  duration_ms: 0.248666
  ...
# Subtest: fixture group-membership/add-user-to-group-positive.json: graph builds, invariants hold, edges match
ok 1044 - fixture group-membership/add-user-to-group-positive.json: graph builds, invariants hold, edges match
  ---
  duration_ms: 0.202958
  ...
# Subtest: fixture group-membership/add-user-to-group-scoped-boundary.json: graph builds, invariants hold, edges match
ok 1045 - fixture group-membership/add-user-to-group-scoped-boundary.json: graph builds, invariants hold, edges match
  ---
  duration_ms: 0.238959
  ...
# Subtest: fixture malformed/deep-nesting.json: graph builds, invariants hold, edges match
ok 1046 - fixture malformed/deep-nesting.json: graph builds, invariants hold, edges match
  ---
  duration_ms: 0.085625
  ...
# Subtest: fixture malformed/not-json.json: graph builds, invariants hold, edges match
ok 1047 - fixture malformed/not-json.json: graph builds, invariants hold, edges match
  ---
  duration_ms: 0.068708
  ...
# Subtest: fixture malformed/proto-pollution.json: graph builds, invariants hold, edges match
ok 1048 - fixture malformed/proto-pollution.json: graph builds, invariants hold, edges match
  ---
  duration_ms: 0.164708
  ...
# Subtest: fixture must-warn/dataexfil-arn-accesspoint-all-accounts.json: graph builds, invariants hold, edges match
ok 1049 - fixture must-warn/dataexfil-arn-accesspoint-all-accounts.json: graph builds, invariants hold, edges match
  ---
  duration_ms: 0.653
  ...
# Subtest: fixture must-warn/dataexfil-arn-accesspoint-all-objects.json: graph builds, invariants hold, edges match
ok 1050 - fixture must-warn/dataexfil-arn-accesspoint-all-objects.json: graph builds, invariants hold, edges match
  ---
  duration_ms: 0.190292
  ...
# Subtest: fixture must-warn/dataexfil-arn-all-buckets-prefix.json: graph builds, invariants hold, edges match
ok 1051 - fixture must-warn/dataexfil-arn-all-buckets-prefix.json: graph builds, invariants hold, edges match
  ---
  duration_ms: 0.154708
  ...
# Subtest: fixture must-warn/dataexfil-arn-all-buckets.json: graph builds, invariants hold, edges match
ok 1052 - fixture must-warn/dataexfil-arn-all-buckets.json: graph builds, invariants hold, edges match
  ---
  duration_ms: 0.16425
  ...
# Subtest: fixture must-warn/dataexfil-arn-all-objects-all-buckets.json: graph builds, invariants hold, edges match
ok 1053 - fixture must-warn/dataexfil-arn-all-objects-all-buckets.json: graph builds, invariants hold, edges match
  ---
  duration_ms: 0.180375
  ...
# Subtest: fixture must-warn/dataexfil-arn-all-segments-wildcard.json: graph builds, invariants hold, edges match
ok 1054 - fixture must-warn/dataexfil-arn-all-segments-wildcard.json: graph builds, invariants hold, edges match
  ---
  duration_ms: 0.136583
  ...
# Subtest: fixture must-warn/dataexfil-arn-leading-whitespace-all-buckets.json: graph builds, invariants hold, edges match
ok 1055 - fixture must-warn/dataexfil-arn-leading-whitespace-all-buckets.json: graph builds, invariants hold, edges match
  ---
  duration_ms: 0.136875
  ...
# Subtest: fixture must-warn/dataexfil-arn-outpost-wildcard-bucket.json: graph builds, invariants hold, edges match
ok 1056 - fixture must-warn/dataexfil-arn-outpost-wildcard-bucket.json: graph builds, invariants hold, edges match
  ---
  duration_ms: 0.484542
  ...
# Subtest: fixture must-warn/dataexfil-arn-qmark-all-buckets.json: graph builds, invariants hold, edges match
ok 1057 - fixture must-warn/dataexfil-arn-qmark-all-buckets.json: graph builds, invariants hold, edges match
  ---
  duration_ms: 0.239166
  ...
# Subtest: fixture must-warn/dataexfil-arn-qmark-all-objects-all-buckets.json: graph builds, invariants hold, edges match
ok 1058 - fixture must-warn/dataexfil-arn-qmark-all-objects-all-buckets.json: graph builds, invariants hold, edges match
  ---
  duration_ms: 0.069125
  ...
# Subtest: fixture must-warn/dataexfil-arn-qmark-all-segments-wildcard.json: graph builds, invariants hold, edges match
ok 1059 - fixture must-warn/dataexfil-arn-qmark-all-segments-wildcard.json: graph builds, invariants hold, edges match
  ---
  duration_ms: 0.056583
  ...
# Subtest: fixture must-warn/dataexfil-arn-qmark-multi-char-bucket-head.json: graph builds, invariants hold, edges match
ok 1060 - fixture must-warn/dataexfil-arn-qmark-multi-char-bucket-head.json: graph builds, invariants hold, edges match
  ---
  duration_ms: 0.056458
  ...
# Subtest: fixture must-warn/dataexfil-arn-qmark-service-wildcard.json: graph builds, invariants hold, edges match
ok 1061 - fixture must-warn/dataexfil-arn-qmark-service-wildcard.json: graph builds, invariants hold, edges match
  ---
  duration_ms: 0.054042
  ...
# Subtest: fixture must-warn/dataexfil-arn-qmark-single-char-bucket-head.json: graph builds, invariants hold, edges match
ok 1062 - fixture must-warn/dataexfil-arn-qmark-single-char-bucket-head.json: graph builds, invariants hold, edges match
  ---
  duration_ms: 0.312667
  ...
# Subtest: fixture must-warn/dataexfil-arn-service-wildcard.json: graph builds, invariants hold, edges match
ok 1063 - fixture must-warn/dataexfil-arn-service-wildcard.json: graph builds, invariants hold, edges match
  ---
  duration_ms: 0.106083
  ...
# Subtest: fixture must-warn/dataexfil-arn-wildcard-bucket-name.json: graph builds, invariants hold, edges match
ok 1064 - fixture must-warn/dataexfil-arn-wildcard-bucket-name.json: graph builds, invariants hold, edges match
  ---
  duration_ms: 0.067625
  ...
# Subtest: fixture must-warn/wildcardresource-arn-all-roles-all-accounts.json: graph builds, invariants hold, edges match
ok 1065 - fixture must-warn/wildcardresource-arn-all-roles-all-accounts.json: graph builds, invariants hold, edges match
  ---
  duration_ms: 0.07425
  ...
# Subtest: fixture must-warn/wildcardresource-arn-all-roles.json: graph builds, invariants hold, edges match
ok 1066 - fixture must-warn/wildcardresource-arn-all-roles.json: graph builds, invariants hold, edges match
  ---
  duration_ms: 0.065208
  ...
# Subtest: fixture negative/assumerole-single-account-lower-than-all-accounts.json: graph builds, invariants hold, edges match
ok 1067 - fixture negative/assumerole-single-account-lower-than-all-accounts.json: graph builds, invariants hold, edges match
  ---
  duration_ms: 0.084584
  ...
# Subtest: fixture negative/aws-required-wildcard-resource-not-penalized.json: graph builds, invariants hold, edges match
ok 1068 - fixture negative/aws-required-wildcard-resource-not-penalized.json: graph builds, invariants hold, edges match
  ---
  duration_ms: 1.700875
  ...
# Subtest: fixture negative/compound-split-across-statements.json: graph builds, invariants hold, edges match
ok 1069 - fixture negative/compound-split-across-statements.json: graph builds, invariants hold, edges match
  ---
  duration_ms: 1.741625
  ...
# Subtest: fixture negative/condition-sourceip-narrows-exfil.json: graph builds, invariants hold, edges match
ok 1070 - fixture negative/condition-sourceip-narrows-exfil.json: graph builds, invariants hold, edges match
  ---
  duration_ms: 2.701125
  ...
# Subtest: fixture negative/dataexfil-scoped-arn-not-broad.json: graph builds, invariants hold, edges match
ok 1071 - fixture negative/dataexfil-scoped-arn-not-broad.json: graph builds, invariants hold, edges match
  ---
  duration_ms: 0.542042
  ...
# Subtest: fixture negative/dataexfil-single-accesspoint-not-broad.json: graph builds, invariants hold, edges match
ok 1072 - fixture negative/dataexfil-single-accesspoint-not-broad.json: graph builds, invariants hold, edges match
  ---
  duration_ms: 0.109834
  ...
# Subtest: fixture negative/dataexfil-single-outpost-bucket-not-broad.json: graph builds, invariants hold, edges match
ok 1073 - fixture negative/dataexfil-single-outpost-bucket-not-broad.json: graph builds, invariants hold, edges match
  ---
  duration_ms: 0.652667
  ...
# Subtest: fixture negative/explicit-deny-suppresses-exfil.json: graph builds, invariants hold, edges match
ok 1074 - fixture negative/explicit-deny-suppresses-exfil.json: graph builds, invariants hold, edges match
  ---
  duration_ms: 0.310958
  ...
# Subtest: fixture negative/kms-decrypt-viaservice-narrows.json: graph builds, invariants hold, edges match
ok 1075 - fixture negative/kms-decrypt-viaservice-narrows.json: graph builds, invariants hold, edges match
  ---
  duration_ms: 2.255041
  ...
# Subtest: fixture negative/notaction-allow-excludes-iam.json: graph builds, invariants hold, edges match
ok 1076 - fixture negative/notaction-allow-excludes-iam.json: graph builds, invariants hold, edges match
  ---
  duration_ms: 0.488
  ...
# Subtest: fixture negative/notresource-deny-fences-exfil.json: graph builds, invariants hold, edges match
ok 1077 - fixture negative/notresource-deny-fences-exfil.json: graph builds, invariants hold, edges match
  ---
  duration_ms: 0.154375
  ...
# Subtest: fixture negative/passedtoservice-service-mismatch.json: graph builds, invariants hold, edges match
ok 1078 - fixture negative/passedtoservice-service-mismatch.json: graph builds, invariants hold, edges match
  ---
  duration_ms: 0.125125
  ...
# Subtest: fixture negative/passrole-role-path-scoped-not-broad.json: graph builds, invariants hold, edges match
ok 1079 - fixture negative/passrole-role-path-scoped-not-broad.json: graph builds, invariants hold, edges match
  ---
  duration_ms: 0.059042
  ...
# Subtest: fixture negative/passrole-specific-role-not-broad.json: graph builds, invariants hold, edges match
ok 1080 - fixture negative/passrole-specific-role-not-broad.json: graph builds, invariants hold, edges match
  ---
  duration_ms: 0.10475
  ...
# Subtest: fixture negative/passrole-without-workload-primitive.json: graph builds, invariants hold, edges match
ok 1081 - fixture negative/passrole-without-workload-primitive.json: graph builds, invariants hold, edges match
  ---
  duration_ms: 0.0825
  ...
# Subtest: fixture negative/permissions-boundary-shaped-no-escalation.json: graph builds, invariants hold, edges match
ok 1082 - fixture negative/permissions-boundary-shaped-no-escalation.json: graph builds, invariants hold, edges match
  ---
  duration_ms: 1.162333
  ...
# Subtest: fixture negative/read-only-admin-wildcard-not-escalation.json: graph builds, invariants hold, edges match
ok 1083 - fixture negative/read-only-admin-wildcard-not-escalation.json: graph builds, invariants hold, edges match
  ---
  duration_ms: 0.097875
  ...
# Subtest: fixture negative/resource-based-trust-policy-no-escalation.json: graph builds, invariants hold, edges match
ok 1084 - fixture negative/resource-based-trust-policy-no-escalation.json: graph builds, invariants hold, edges match
  ---
  duration_ms: 0.057458
  ...
# Subtest: fixture negative/two-chains-share-one-passrole.json: graph builds, invariants hold, edges match
ok 1085 - fixture negative/two-chains-share-one-passrole.json: graph builds, invariants hold, edges match
  ---
  duration_ms: 0.147334
  ...
# Subtest: fixture negative/update-function-code-without-passrole.json: graph builds, invariants hold, edges match
ok 1086 - fixture negative/update-function-code-without-passrole.json: graph builds, invariants hold, edges match
  ---
  duration_ms: 0.087416
  ...
# Subtest: fixture negative-resource/kms-account-delegation-not-public-not-rootonly.json: graph builds, invariants hold, edges match
ok 1087 - fixture negative-resource/kms-account-delegation-not-public-not-rootonly.json: graph builds, invariants hold, edges match
  ---
  duration_ms: 0.234916
  ...
# Subtest: fixture negative-resource/org-constrained-star-not-critical.json: graph builds, invariants hold, edges match
ok 1088 - fixture negative-resource/org-constrained-star-not-critical.json: graph builds, invariants hold, edges match
  ---
  duration_ms: 10.915084
  ...
# Subtest: fixture negative-resource/private-bucket-named-principal-not-public.json: graph builds, invariants hold, edges match
ok 1089 - fixture negative-resource/private-bucket-named-principal-not-public.json: graph builds, invariants hold, edges match
  ---
  duration_ms: 0.740792
  ...
# Subtest: fixture negative-resource/same-account-scoped-grant-not-crossaccount.json: graph builds, invariants hold, edges match
ok 1090 - fixture negative-resource/same-account-scoped-grant-not-crossaccount.json: graph builds, invariants hold, edges match
  ---
  duration_ms: 2.56375
  ...
# Subtest: fixture negative-resource/sourcebound-service-not-exposure.json: graph builds, invariants hold, edges match
ok 1091 - fixture negative-resource/sourcebound-service-not-exposure.json: graph builds, invariants hold, edges match
  ---
  duration_ms: 0.233
  ...
# Subtest: fixture negative-trust/externalid-vendor-cross-account-constrained.json: graph builds, invariants hold, edges match
ok 1092 - fixture negative-trust/externalid-vendor-cross-account-constrained.json: graph builds, invariants hold, edges match
  ---
  duration_ms: 0.170583
  ...
# Subtest: fixture negative-trust/oidc-github-repo-ref-tight-not-high.json: graph builds, invariants hold, edges match
ok 1093 - fixture negative-trust/oidc-github-repo-ref-tight-not-high.json: graph builds, invariants hold, edges match
  ---
  duration_ms: 0.162417
  ...
# Subtest: fixture negative-trust/principalorgid-stringequals-org-constrained.json: graph builds, invariants hold, edges match
ok 1094 - fixture negative-trust/principalorgid-stringequals-org-constrained.json: graph builds, invariants hold, edges match
  ---
  duration_ms: 0.116042
  ...
# Subtest: fixture negative-trust/public-trust-fully-denied-not-critical.json: graph builds, invariants hold, edges match
ok 1095 - fixture negative-trust/public-trust-fully-denied-not-critical.json: graph builds, invariants hold, edges match
  ---
  duration_ms: 0.1265
  ...
# Subtest: fixture negative-trust/saml-tight-subject-not-high.json: graph builds, invariants hold, edges match
ok 1096 - fixture negative-trust/saml-tight-subject-not-high.json: graph builds, invariants hold, edges match
  ---
  duration_ms: 0.106125
  ...
# Subtest: fixture negative-trust/service-trust-lambda-informational.json: graph builds, invariants hold, edges match
ok 1097 - fixture negative-trust/service-trust-lambda-informational.json: graph builds, invariants hold, edges match
  ---
  duration_ms: 0.082
  ...
# Subtest: fixture negative-trust/session-control-only-cross-account-not-high.json: graph builds, invariants hold, edges match
ok 1098 - fixture negative-trust/session-control-only-cross-account-not-high.json: graph builds, invariants hold, edges match
  ---
  duration_ms: 0.05025
  ...
# Subtest: fixture negative-trust/session-control-only-public-not-critical.json: graph builds, invariants hold, edges match
ok 1099 - fixture negative-trust/session-control-only-public-not-critical.json: graph builds, invariants hold, edges match
  ---
  duration_ms: 0.039667
  ...
# Subtest: fixture negative-trust/sourceaccount-service-trust-constrained.json: graph builds, invariants hold, edges match
ok 1100 - fixture negative-trust/sourceaccount-service-trust-constrained.json: graph builds, invariants hold, edges match
  ---
  duration_ms: 0.045959
  ...
# Subtest: fixture negative-trust/sourcearn-service-trust-constrained.json: graph builds, invariants hold, edges match
ok 1101 - fixture negative-trust/sourcearn-service-trust-constrained.json: graph builds, invariants hold, edges match
  ---
  duration_ms: 0.042584
  ...
# Subtest: fixture not-action/allow-not-action-admin.json: graph builds, invariants hold, edges match
ok 1102 - fixture not-action/allow-not-action-admin.json: graph builds, invariants hold, edges match
  ---
  duration_ms: 0.098583
  ...
# Subtest: fixture not-resource/allow-not-resource-overbroad.json: graph builds, invariants hold, edges match
ok 1103 - fixture not-resource/allow-not-resource-overbroad.json: graph builds, invariants hold, edges match
  ---
  duration_ms: 5.796958
  ...
# Subtest: fixture not-resource/deny-not-resource-sandbox.json: graph builds, invariants hold, edges match
ok 1104 - fixture not-resource/deny-not-resource-sandbox.json: graph builds, invariants hold, edges match
  ---
  duration_ms: 0.22425
  ...
# Subtest: fixture notaction-allow/action-not-notaction-negative.json: graph builds, invariants hold, edges match
ok 1105 - fixture notaction-allow/action-not-notaction-negative.json: graph builds, invariants hold, edges match
  ---
  duration_ms: 0.18375
  ...
# Subtest: fixture notaction-allow/allow-notaction-conditioned-boundary.json: graph builds, invariants hold, edges match
ok 1106 - fixture notaction-allow/allow-notaction-conditioned-boundary.json: graph builds, invariants hold, edges match
  ---
  duration_ms: 3.811959
  ...
# Subtest: fixture notaction-allow/allow-notaction-positive.json: graph builds, invariants hold, edges match
ok 1107 - fixture notaction-allow/allow-notaction-positive.json: graph builds, invariants hold, edges match
  ---
  duration_ms: 4.122542
  ...
# Subtest: fixture notaction-allow/allow-notaction-wildcard-resource-boundary.json: graph builds, invariants hold, edges match
ok 1108 - fixture notaction-allow/allow-notaction-wildcard-resource-boundary.json: graph builds, invariants hold, edges match
  ---
  duration_ms: 2.173708
  ...
# Subtest: fixture notaction-allow/deny-notaction-boundary.json: graph builds, invariants hold, edges match
ok 1109 - fixture notaction-allow/deny-notaction-boundary.json: graph builds, invariants hold, edges match
  ---
  duration_ms: 0.128625
  ...
# Subtest: fixture pass-role/passrole-alone-negative.json: graph builds, invariants hold, edges match
ok 1110 - fixture pass-role/passrole-alone-negative.json: graph builds, invariants hold, edges match
  ---
  duration_ms: 0.086916
  ...
# Subtest: fixture pass-role/passrole-ec2-positive.json: graph builds, invariants hold, edges match
ok 1111 - fixture pass-role/passrole-ec2-positive.json: graph builds, invariants hold, edges match
  ---
  duration_ms: 0.253792
  ...
# Subtest: fixture pass-role/passrole-ecs-service-positive.json: graph builds, invariants hold, edges match
ok 1112 - fixture pass-role/passrole-ecs-service-positive.json: graph builds, invariants hold, edges match
  ---
  duration_ms: 0.239958
  ...
# Subtest: fixture pass-role/passrole-lambda-bundled-unrelated-wildcard-positive.json: graph builds, invariants hold, edges match
ok 1113 - fixture pass-role/passrole-lambda-bundled-unrelated-wildcard-positive.json: graph builds, invariants hold, edges match
  ---
  duration_ms: 0.320542
  ...
# Subtest: fixture pass-role/passrole-lambda-multistatement-deny-narrows-positive.json: graph builds, invariants hold, edges match
ok 1114 - fixture pass-role/passrole-lambda-multistatement-deny-narrows-positive.json: graph builds, invariants hold, edges match
  ---
  duration_ms: 0.259875
  ...
# Subtest: fixture pass-role/passrole-lambda-positive.json: graph builds, invariants hold, edges match
ok 1115 - fixture pass-role/passrole-lambda-positive.json: graph builds, invariants hold, edges match
  ---
  duration_ms: 0.187208
  ...
# Subtest: fixture pass-role/passrole-multiservice-conditional-deny-boundary.json: graph builds, invariants hold, edges match
ok 1116 - fixture pass-role/passrole-multiservice-conditional-deny-boundary.json: graph builds, invariants hold, edges match
  ---
  duration_ms: 0.251625
  ...
# Subtest: fixture pass-role/passrole-passedtoservice-mismatch-boundary.json: graph builds, invariants hold, edges match
ok 1117 - fixture pass-role/passrole-passedtoservice-mismatch-boundary.json: graph builds, invariants hold, edges match
  ---
  duration_ms: 0.135709
  ...
# Subtest: fixture pass-role/passrole-passedtoservice-stringnotequals-boundary.json: graph builds, invariants hold, edges match
ok 1118 - fixture pass-role/passrole-passedtoservice-stringnotequals-boundary.json: graph builds, invariants hold, edges match
  ---
  duration_ms: 0.126583
  ...
# Subtest: fixture policy-variable/allow-resource-variable.json: graph builds, invariants hold, edges match
ok 1119 - fixture policy-variable/allow-resource-variable.json: graph builds, invariants hold, edges match
  ---
  duration_ms: 0.056208
  ...
# Subtest: fixture policy-variable/deny-not-resource-variable.json: graph builds, invariants hold, edges match
ok 1120 - fixture policy-variable/deny-not-resource-variable.json: graph builds, invariants hold, edges match
  ---
  duration_ms: 0.040583
  ...
# Subtest: fixture policy-variable/shadowing-deny-variable.json: graph builds, invariants hold, edges match
ok 1121 - fixture policy-variable/shadowing-deny-variable.json: graph builds, invariants hold, edges match
  ---
  duration_ms: 0.0905
  ...
# Subtest: fixture policy-version/create-policy-version-positive.json: graph builds, invariants hold, edges match
ok 1122 - fixture policy-version/create-policy-version-positive.json: graph builds, invariants hold, edges match
  ---
  duration_ms: 0.073042
  ...
# Subtest: fixture policy-version/policy-read-only-negative.json: graph builds, invariants hold, edges match
ok 1123 - fixture policy-version/policy-read-only-negative.json: graph builds, invariants hold, edges match
  ---
  duration_ms: 0.057583
  ...
# Subtest: fixture policy-version/set-default-version-conditioned-boundary.json: graph builds, invariants hold, edges match
ok 1124 - fixture policy-version/set-default-version-conditioned-boundary.json: graph builds, invariants hold, edges match
  ---
  duration_ms: 0.064208
  ...
# Subtest: fixture resource/accepted-s3-public-read.json: graph builds, invariants hold, edges match
ok 1125 - fixture resource/accepted-s3-public-read.json: graph builds, invariants hold, edges match
  ---
  duration_ms: 0.042375
  ...
# Subtest: fixture resource/accepted-sns-service-principal.json: graph builds, invariants hold, edges match
ok 1126 - fixture resource/accepted-sns-service-principal.json: graph builds, invariants hold, edges match
  ---
  duration_ms: 0.239625
  ...
# Subtest: fixture resource/bucket-vs-object-mismatch.json: graph builds, invariants hold, edges match
ok 1127 - fixture resource/bucket-vs-object-mismatch.json: graph builds, invariants hold, edges match
  ---
  duration_ms: 0.084333
  ...
# Subtest: fixture resource/context-required.json: graph builds, invariants hold, edges match
ok 1128 - fixture resource/context-required.json: graph builds, invariants hold, edges match
  ---
  duration_ms: 0.050292
  ...
# Subtest: fixture resource/external-account-grant.json: graph builds, invariants hold, edges match
ok 1129 - fixture resource/external-account-grant.json: graph builds, invariants hold, edges match
  ---
  duration_ms: 0.050833
  ...
# Subtest: fixture resource/kms-account-delegation.json: graph builds, invariants hold, edges match
ok 1130 - fixture resource/kms-account-delegation.json: graph builds, invariants hold, edges match
  ---
  duration_ms: 0.089791
  ...
# Subtest: fixture resource/public-read-transport-deny.json: graph builds, invariants hold, edges match
ok 1131 - fixture resource/public-read-transport-deny.json: graph builds, invariants hold, edges match
  ---
  duration_ms: 0.108625
  ...
# Subtest: fixture resource/public-star-narrowed-by-principal-tag.json: graph builds, invariants hold, edges match
ok 1132 - fixture resource/public-star-narrowed-by-principal-tag.json: graph builds, invariants hold, edges match
  ---
  duration_ms: 0.0845
  ...
# Subtest: fixture resource/same-account-role-session-grant.json: graph builds, invariants hold, edges match
ok 1133 - fixture resource/same-account-role-session-grant.json: graph builds, invariants hold, edges match
  ---
  duration_ms: 0.550791
  ...
# Subtest: fixture resource/same-account-user-grant.json: graph builds, invariants hold, edges match
ok 1134 - fixture resource/same-account-user-grant.json: graph builds, invariants hold, edges match
  ---
  duration_ms: 0.082375
  ...
# Subtest: fixture resource/service-principal-mismatched-source-multi-account.json: graph builds, invariants hold, edges match
ok 1135 - fixture resource/service-principal-mismatched-source-multi-account.json: graph builds, invariants hold, edges match
  ---
  duration_ms: 0.952709
  ...
# Subtest: fixture resource/service-principal-mismatched-source.json: graph builds, invariants hold, edges match
ok 1136 - fixture resource/service-principal-mismatched-source.json: graph builds, invariants hold, edges match
  ---
  duration_ms: 0.30375
  ...
# Subtest: fixture resource/service-principal-source-bound.json: graph builds, invariants hold, edges match
ok 1137 - fixture resource/service-principal-source-bound.json: graph builds, invariants hold, edges match
  ---
  duration_ms: 0.158458
  ...
# Subtest: fixture resource/suite3-test-69-public-resource-analyzed.json: graph builds, invariants hold, edges match
ok 1138 - fixture resource/suite3-test-69-public-resource-analyzed.json: graph builds, invariants hold, edges match
  ---
  duration_ms: 0.112208
  ...
# Subtest: fixture resource/suite3-test-85-star-narrowed-principalarn-analyzed.json: graph builds, invariants hold, edges match
ok 1139 - fixture resource/suite3-test-85-star-narrowed-principalarn-analyzed.json: graph builds, invariants hold, edges match
  ---
  duration_ms: 0.111792
  ...
# Subtest: fixture resource/unmodeled-service-shape.json: graph builds, invariants hold, edges match
ok 1140 - fixture resource/unmodeled-service-shape.json: graph builds, invariants hold, edges match
  ---
  duration_ms: 0.106583
  ...
# Subtest: fixture resource/unsupported-principal-arn-wildcard.json: graph builds, invariants hold, edges match
ok 1141 - fixture resource/unsupported-principal-arn-wildcard.json: graph builds, invariants hold, edges match
  ---
  duration_ms: 0.283625
  ...
# Subtest: fixture resource/unsupported-principal-canonical-user.json: graph builds, invariants hold, edges match
ok 1142 - fixture resource/unsupported-principal-canonical-user.json: graph builds, invariants hold, edges match
  ---
  duration_ms: 0.119084
  ...
# Subtest: fixture resource/unsupported-principal-federated-wildcard.json: graph builds, invariants hold, edges match
ok 1143 - fixture resource/unsupported-principal-federated-wildcard.json: graph builds, invariants hold, edges match
  ---
  duration_ms: 0.057208
  ...
# Subtest: fixture resource/unsupported-principal-service-wildcard.json: graph builds, invariants hold, edges match
ok 1144 - fixture resource/unsupported-principal-service-wildcard.json: graph builds, invariants hold, edges match
  ---
  duration_ms: 0.114458
  ...
# Subtest: fixture role-takeover/role-takeover-conditioned.json: graph builds, invariants hold, edges match
ok 1145 - fixture role-takeover/role-takeover-conditioned.json: graph builds, invariants hold, edges match
  ---
  duration_ms: 0.206667
  ...
# Subtest: fixture role-takeover/role-takeover-deny-suppressed.json: graph builds, invariants hold, edges match
ok 1146 - fixture role-takeover/role-takeover-deny-suppressed.json: graph builds, invariants hold, edges match
  ---
  duration_ms: 0.65875
  ...
# Subtest: fixture role-takeover/role-takeover-different-roles-negative.json: graph builds, invariants hold, edges match
ok 1147 - fixture role-takeover/role-takeover-different-roles-negative.json: graph builds, invariants hold, edges match
  ---
  duration_ms: 0.475042
  ...
# Subtest: fixture role-takeover/role-takeover-hostile.json: graph builds, invariants hold, edges match
ok 1148 - fixture role-takeover/role-takeover-hostile.json: graph builds, invariants hold, edges match
  ---
  duration_ms: 0.212833
  ...
# Subtest: fixture role-takeover/role-takeover-positive.json: graph builds, invariants hold, edges match
ok 1149 - fixture role-takeover/role-takeover-positive.json: graph builds, invariants hold, edges match
  ---
  duration_ms: 0.90975
  ...
# Subtest: fixture safe/mixed-scalar-and-array.json: graph builds, invariants hold, edges match
ok 1150 - fixture safe/mixed-scalar-and-array.json: graph builds, invariants hold, edges match
  ---
  duration_ms: 0.112958
  ...
# Subtest: fixture safe/read-only-scoped.json: graph builds, invariants hold, edges match
ok 1151 - fixture safe/read-only-scoped.json: graph builds, invariants hold, edges match
  ---
  duration_ms: 0.058583
  ...
# Subtest: fixture samples/escalation-passrole-lambda.json: graph builds, invariants hold, edges match
ok 1152 - fixture samples/escalation-passrole-lambda.json: graph builds, invariants hold, edges match
  ---
  duration_ms: 0.148417
  ...
# Subtest: fixture samples/neutralized-explicit-deny.json: graph builds, invariants hold, edges match
ok 1153 - fixture samples/neutralized-explicit-deny.json: graph builds, invariants hold, edges match
  ---
  duration_ms: 0.068542
  ...
# Subtest: fixture samples/neutralized-permissions-boundary.json: graph builds, invariants hold, edges match
ok 1154 - fixture samples/neutralized-permissions-boundary.json: graph builds, invariants hold, edges match
  ---
  duration_ms: 0.07675
  ...
# Subtest: fixture samples/neutralized-unsupported-notprincipal.json: graph builds, invariants hold, edges match
ok 1155 - fixture samples/neutralized-unsupported-notprincipal.json: graph builds, invariants hold, edges match
  ---
  duration_ms: 0.042875
  ...
# Subtest: fixture trust-federated/oidc-github-org-wide-sub-high.json: graph builds, invariants hold, edges match
ok 1156 - fixture trust-federated/oidc-github-org-wide-sub-high.json: graph builds, invariants hold, edges match
  ---
  duration_ms: 0.049083
  ...
# Subtest: fixture trust-federated/oidc-github-repo-ref-tight-boundary.json: graph builds, invariants hold, edges match
ok 1157 - fixture trust-federated/oidc-github-repo-ref-tight-boundary.json: graph builds, invariants hold, edges match
  ---
  duration_ms: 0.042583
  ...
# Subtest: fixture trust-federated/saml-broad-no-subject-high.json: graph builds, invariants hold, edges match
ok 1158 - fixture trust-federated/saml-broad-no-subject-high.json: graph builds, invariants hold, edges match
  ---
  duration_ms: 0.6225
  ...
# Subtest: fixture trust-federated/saml-tight-subject-boundary.json: graph builds, invariants hold, edges match
ok 1159 - fixture trust-federated/saml-tight-subject-boundary.json: graph builds, invariants hold, edges match
  ---
  duration_ms: 0.0425
  ...
# Subtest: fixture wildcard/admin-star.json: graph builds, invariants hold, edges match
ok 1160 - fixture wildcard/admin-star.json: graph builds, invariants hold, edges match
  ---
  duration_ms: 0.942542
  ...
# Subtest: fixture wildcard/deny-wildcard-negative.json: graph builds, invariants hold, edges match
ok 1161 - fixture wildcard/deny-wildcard-negative.json: graph builds, invariants hold, edges match
  ---
  duration_ms: 0.204042
  ...
# Subtest: fixture wildcard/partial-action-wildcard-boundary.json: graph builds, invariants hold, edges match
ok 1162 - fixture wildcard/partial-action-wildcard-boundary.json: graph builds, invariants hold, edges match
  ---
  duration_ms: 0.167542
  ...
# Subtest: fixture wildcard/read-only-wildcard-resource-negative.json: graph builds, invariants hold, edges match
ok 1163 - fixture wildcard/read-only-wildcard-resource-negative.json: graph builds, invariants hold, edges match
  ---
  duration_ms: 0.217875
  ...
# Subtest: fixture wildcard/service-wildcard-action.json: graph builds, invariants hold, edges match
ok 1164 - fixture wildcard/service-wildcard-action.json: graph builds, invariants hold, edges match
  ---
  duration_ms: 0.214959
  ...
# Subtest: fixture wildcard/wildcard-resource-with-write.json: graph builds, invariants hold, edges match
ok 1165 - fixture wildcard/wildcard-resource-with-write.json: graph builds, invariants hold, edges match
  ---
  duration_ms: 0.077542
  ...
# Subtest: acceptance (IAM-107): PassRole+Lambda encodes the privilege transition through an unknown-privileges pivot
ok 1166 - acceptance (IAM-107): PassRole+Lambda encodes the privilege transition through an unknown-privileges pivot
  ---
  duration_ms: 0.248083
  ...
# Subtest: acceptance: a conditioned execution statement downgrades the PassRole transition to context-required
ok 1167 - acceptance: a conditioned execution statement downgrades the PassRole transition to context-required
  ---
  duration_ms: 0.14675
  ...
# Subtest: acceptance: Action "*" on Resource "*" -> allows(actiongroup:*) + can-write(resource:*), both confirmed
ok 1168 - acceptance: Action "*" on Resource "*" -> allows(actiongroup:*) + can-write(resource:*), both confirmed
  ---
  duration_ms: 0.271291
  ...
# Subtest: acceptance: service wildcard s3:* (scoped resource) -> single allows edge to actiongroup:s3:*
ok 1169 - acceptance: service wildcard s3:* (scoped resource) -> single allows edge to actiongroup:s3:*
  ---
  duration_ms: 0.073208
  ...
# Subtest: unconditional Deny -> denies edge with blocked-by-deny certainty
ok 1170 - unconditional Deny -> denies edge with blocked-by-deny certainty
  ---
  duration_ms: 0.054417
  ...
# Subtest: conditional Deny -> denies edge is context-required, not blocked
ok 1171 - conditional Deny -> denies edge is context-required, not blocked
  ---
  duration_ms: 0.053542
  ...
# Subtest: broad AssumeRole -> can-assume edge is potentially-reachable (unknown targets)
ok 1172 - broad AssumeRole -> can-assume edge is potentially-reachable (unknown targets)
  ---
  duration_ms: 0.067625
  ...
# Subtest: IAM-202: unconditional PassRole->service transition edges are policy-supported (not confirmed)
ok 1173 - IAM-202: unconditional PassRole->service transition edges are policy-supported (not confirmed)
  ---
  duration_ms: 0.09925
  ...
# Subtest: IAM-202: kms:Decrypt -> a distinct can-decrypt edge (never can-read)
ok 1174 - IAM-202: kms:Decrypt -> a distinct can-decrypt edge (never can-read)
  ---
  duration_ms: 0.077041
  ...
# Subtest: IAM-202: a data-exfil read stays can-read, distinct from kms:Decrypt can-decrypt
ok 1175 - IAM-202: a data-exfil read stays can-read, distinct from kms:Decrypt can-decrypt
  ---
  duration_ms: 0.08775
  ...
# Subtest: IAM-401: LANE_ORDER lists every lane in LANES exactly once
ok 1176 - IAM-401: LANE_ORDER lists every lane in LANES exactly once
  ---
  duration_ms: 0.029417
  ...
# Subtest: IAM-401: a multi-category policy assigns each edge to its correct lane
ok 1177 - IAM-401: a multi-category policy assigns each edge to its correct lane
  ---
  duration_ms: 0.240583
  ...
# Subtest: IAM-401: IAM self-administration edges are in the PRIVILEGE ESCALATION lane
ok 1178 - IAM-401: IAM self-administration edges are in the PRIVILEGE ESCALATION lane
  ---
  duration_ms: 0.085875
  ...
# Subtest: IAM-401: a merged edge keeps a single consistent lane
ok 1179 - IAM-401: a merged edge keeps a single consistent lane
  ---
  duration_ms: 0.096667
  ...
# Subtest: rule edge fully overridden by an unconditional same-policy Deny -> NO positive edge, only denies (IAM-702)
ok 1180 - rule edge fully overridden by an unconditional same-policy Deny -> NO positive edge, only denies (IAM-702)
  ---
  duration_ms: 0.088167
  ...
# Subtest: rule edge partially narrowed by a same-policy Deny -> downgraded to context-required
ok 1181 - rule edge partially narrowed by a same-policy Deny -> downgraded to context-required
  ---
  duration_ms: 0.078542
  ...
# Subtest: conditional same-policy Deny narrows a rule edge but never hard-blocks it
ok 1182 - conditional same-policy Deny narrows a rule edge but never hard-blocks it
  ---
  duration_ms: 0.082
  ...
# Subtest: a narrow Deny does NOT downgrade a broad wildcard rule edge (no false downgrade)
ok 1183 - a narrow Deny does NOT downgrade a broad wildcard rule edge (no false downgrade)
  ---
  duration_ms: 0.071041
  ...
# Subtest: a NotAction-Deny narrows a broad wildcard rule edge but NEVER hard-blocks it
ok 1184 - a NotAction-Deny narrows a broad wildcard rule edge but NEVER hard-blocks it
  ---
  duration_ms: 0.072833
  ...
# Subtest: a NotAction-Deny narrows a full "*" rule edge but NEVER hard-blocks it
ok 1185 - a NotAction-Deny narrows a full "*" rule edge but NEVER hard-blocks it
  ---
  duration_ms: 0.110167
  ...
# Subtest: control: a POSITIVE-action Deny that covers the whole wildcard grant DROPS the positive edge (IAM-702)
ok 1186 - control: a POSITIVE-action Deny that covers the whole wildcard grant DROPS the positive edge (IAM-702)
  ---
  duration_ms: 0.068041
  ...
# Subtest: NotAction-Allow rule edge is narrowed (never fully blocked) by a same-policy Deny
ok 1187 - NotAction-Allow rule edge is narrowed (never fully blocked) by a same-policy Deny
  ---
  duration_ms: 0.116875
  ...
# Subtest: a fully-denied IAM-admin grant emits NO self-modify edge; escalation stays suppressed (IAM-702)
ok 1188 - a fully-denied IAM-admin grant emits NO self-modify edge; escalation stays suppressed (IAM-702)
  ---
  duration_ms: 0.072958
  ...
# Subtest: two attach-policy statements collapse into one can-modify(policy:self) edge with merged evidence
ok 1189 - two attach-policy statements collapse into one can-modify(policy:self) edge with merged evidence
  ---
  duration_ms: 0.091625
  ...
# Subtest: merged edge keeps the STRONGEST certainty across supporting findings
ok 1190 - merged edge keeps the STRONGEST certainty across supporting findings
  ---
  duration_ms: 0.091792
  ...
# Subtest: buildGraph is deterministic (same input -> byte-identical graph) and deeply frozen
ok 1191 - buildGraph is deterministic (same input -> byte-identical graph) and deeply frozen
  ---
  duration_ms: 0.404042
  ...
# Subtest: nodes are ordered by node-type then id; edges by statementIndex then type then to
ok 1192 - nodes are ordered by node-type then id; edges by statementIndex then type then to
  ---
  duration_ms: 0.416125
  ...
# Subtest: node count is capped at GRAPH_LIMITS.MAX_NODES; excess is truncated, not thrown
ok 1193 - node count is capped at GRAPH_LIMITS.MAX_NODES; excess is truncated, not thrown
  ---
  duration_ms: 3.517542
  ...
# Subtest: a pathological PassRole finding set stays within both caps; excess is truncated, not thrown
ok 1194 - a pathological PassRole finding set stays within both caps; excess is truncated, not thrown
  ---
  duration_ms: 4.818375
  ...
# Subtest: graph builder is pure data: no document/window usage at import or call time
ok 1195 - graph builder is pure data: no document/window usage at import or call time
  ---
  duration_ms: 1.09625
  ...
# Subtest: XSS-laden ARN becomes an inert node id/label string, never markup
ok 1196 - XSS-laden ARN becomes an inert node id/label string, never markup
  ---
  duration_ms: 0.417083
  ...
# Subtest: building a graph does not pollute Object.prototype
ok 1197 - building a graph does not pollute Object.prototype
  ---
  duration_ms: 0.079083
  ...
# Subtest: buildGraph never throws on a bad model
ok 1198 - buildGraph never throws on a bad model
  ---
  duration_ms: 0.088209
  ...
# Subtest: buildGraphFromText surfaces validation failures and never throws on malformed/adversarial fixtures
ok 1199 - buildGraphFromText surfaces validation failures and never throws on malformed/adversarial fixtures
  ---
  duration_ms: 84.44925
  ...
# Subtest: buildGraph(model, rules+escalations) equals buildGraphFromText
ok 1200 - buildGraph(model, rules+escalations) equals buildGraphFromText
  ---
  duration_ms: 0.626875
  ...
# Subtest: safe/ fixtures produce no risk edges
ok 1201 - safe/ fixtures produce no risk edges
  ---
  duration_ms: 0.918125
  ...
# Subtest: grounding doc and the generic doc it extends both exist
ok 1202 - grounding doc and the generic doc it extends both exist
  ---
  duration_ms: 0.631625
  ...
# Subtest: doc extends the generic resource-policy grounding (not a duplicate)
ok 1203 - doc extends the generic resource-policy grounding (not a duplicate)
  ---
  duration_ms: 1.655917
  ...
# Subtest: all 11 cited AWS sources are present with resolvable docs.aws.amazon.com URLs
ok 1204 - all 11 cited AWS sources are present with resolvable docs.aws.amazon.com URLs
  ---
  duration_ms: 0.899417
  ...
# Subtest: all five correctness traps are stated (section 8)
ok 1205 - all five correctness traps are stated (section 8)
  ---
  duration_ms: 0.378083
  ...
# Subtest: the sharpest trap wording is correct: KMS "*" is all AWS identities in all accounts, NOT anonymous
ok 1206 - the sharpest trap wording is correct: KMS "*" is all AWS identities in all accounts, NOT anonymous
  ---
  duration_ms: 0.911875
  ...
# Subtest: S3 and SQS Principal:"*" IS anonymous public (the KMS carve-out must not leak)
ok 1207 - S3 and SQS Principal:"*" IS anonymous public (the KMS carve-out must not leak)
  ---
  duration_ms: 0.453167
  ...
# Subtest: fail-closed caveats are present: Block Public Access out of scope
ok 1208 - fail-closed caveats are present: Block Public Access out of scope
  ---
  duration_ms: 1.180459
  ...
# Subtest: fail-closed caveats are present: KMS silent-key-policy inversion
ok 1209 - fail-closed caveats are present: KMS silent-key-policy inversion
  ---
  duration_ms: 2.098958
  ...
# Subtest: fail-closed caveats are present: request-property Deny keys are not identity constraints
ok 1210 - fail-closed caveats are present: request-property Deny keys are not identity constraints
  ---
  duration_ms: 0.858958
  ...
# Subtest: channel keys are named as NOT narrowing WHO: kms:ViaService and the S3 network selectors
ok 1211 - channel keys are named as NOT narrowing WHO: kms:ViaService and the S3 network selectors
  ---
  duration_ms: 0.929375
  ...
# Subtest: delegation / control-plane actions are named (takeover, onward-delegation) but not over-claimed
ok 1212 - delegation / control-plane actions are named (takeover, onward-delegation) but not over-claimed
  ---
  duration_ms: 0.845583
  ...
# Subtest: doc carries the potential-not-effective (RESOURCE_LIMIT) contract
ok 1213 - doc carries the potential-not-effective (RESOURCE_LIMIT) contract
  ---
  duration_ms: 0.17175
  ...
# Subtest: no duplicated-word artifacts in the load-bearing prose (regression guard for the IAM-1400 fix)
ok 1214 - no duplicated-word artifacts in the load-bearing prose (regression guard for the IAM-1400 fix)
  ---
  duration_ms: 1.067875
  ...
# Subtest: must-warn corpus is present and well-formed (>=5 fixtures, each policy + mustWarnExpect + note)
ok 1215 - must-warn corpus is present and well-formed (>=5 fixtures, each policy + mustWarnExpect + note)
  ---
  duration_ms: 0.50625
  ...
# Subtest: shipped engine analyze() fires the required finding for every must-warn fixture (no fail-open, no over-firing)
ok 1216 - shipped engine analyze() fires the required finding for every must-warn fixture (no fail-open, no over-firing)
  ---
  duration_ms: 13.205791
  ...
# Subtest: CLI scan() exits NON-ZERO on every must-warn fixture (analyzed clean, but blocking)
ok 1217 - CLI scan() exits NON-ZERO on every must-warn fixture (analyzed clean, but blocking)
  ---
  duration_ms: 4.03825
  ...
# Subtest: must-warn analysis is deterministic (same input -> deep-equal twice)
ok 1218 - must-warn analysis is deterministic (same input -> deep-equal twice)
  ---
  duration_ms: 9.183542
  ...
# Subtest: resource negative corpus is present and well-formed (each fixture has policy + explicit context + negativeExpect + rationale)
ok 1219 - resource negative corpus is present and well-formed (each fixture has policy + explicit context + negativeExpect + rationale)
  ---
  duration_ms: 0.654792
  ...
# Subtest: analyze() satisfies every frozen resource-negative contract (present/absent/severity/exploitability)
ok 1220 - analyze() satisfies every frozen resource-negative contract (present/absent/severity/exploitability)
  ---
  duration_ms: 13.33175
  ...
# Subtest: no resource-negative fixture emits an identity-style finding (resource policies are never run through identity rules)
ok 1221 - no resource-negative fixture emits an identity-style finding (resource policies are never run through identity rules)
  ---
  duration_ms: 3.606833
  ...
# Subtest: every resource finding carries the potential-blast-radius-not-effective caveat (T8 invariant)
ok 1222 - every resource finding carries the potential-blast-radius-not-effective caveat (T8 invariant)
  ---
  duration_ms: 2.113334
  ...
# Subtest: source-bound negative control: a correctly source-bound service principal never reports a MISSING source binding
ok 1223 - source-bound negative control: a correctly source-bound service principal never reports a MISSING source binding
  ---
  duration_ms: 2.039667
  ...
# Subtest: analyze() is deterministic over the resource negative corpus (same input -> deep-equal twice)
ok 1224 - analyze() is deterministic over the resource negative corpus (same input -> deep-equal twice)
  ---
  duration_ms: 2.172
  ...
# Subtest: trust negative corpus is present and well-formed (each fixture has policy + negativeExpect + rationale)
ok 1225 - trust negative corpus is present and well-formed (each fixture has policy + negativeExpect + rationale)
  ---
  duration_ms: 1.051792
  ...
# Subtest: analyze() satisfies every frozen trust-negative contract (present/absent/severity/exploitability)
ok 1226 - analyze() satisfies every frozen trust-negative contract (present/absent/severity/exploitability)
  ---
  duration_ms: 17.037542
  ...
# Subtest: no trust-negative fixture emits an identity-style finding (trust policies are never run through identity rules)
ok 1227 - no trust-negative fixture emits an identity-style finding (trust policies are never run through identity rules)
  ---
  duration_ms: 3.011333
  ...
# Subtest: every trust finding marks the assumed role's permissions out of scope / unknown (T8 invariant)
ok 1228 - every trust finding marks the assumed role's permissions out of scope / unknown (T8 invariant)
  ---
  duration_ms: 2.075292
  ...
# Subtest: service-trust negative control: a service principal never yields ExternalId "missing" remediation
ok 1229 - service-trust negative control: a service principal never yields ExternalId "missing" remediation
  ---
  duration_ms: 0.798875
  ...
# Subtest: analyze() is deterministic over the trust negative corpus (same input -> deep-equal twice)
ok 1230 - analyze() is deterministic over the trust negative corpus (same input -> deep-equal twice)
  ---
  duration_ms: 4.385458
  ...
# Subtest: negative corpus is present and well-formed (>=15 fixtures, each with policy + negativeExpect + rationale)
ok 1231 - negative corpus is present and well-formed (>=15 fixtures, each with policy + negativeExpect + rationale)
  ---
  duration_ms: 0.429959
  ...
# Subtest: analyze() satisfies every frozen negative-fixture contract (present/absent/severity/exploitability)
ok 1232 - analyze() satisfies every frozen negative-fixture contract (present/absent/severity/exploitability)
  ---
  duration_ms: 23.074708
  ...
# Subtest: analyze() is deterministic over the negative corpus (same input -> deep-equal twice)
ok 1233 - analyze() is deterministic over the negative corpus (same input -> deep-equal twice)
  ---
  duration_ms: 16.057083
  ...
# Subtest: fixture safe/mixed-scalar-and-array.json: parses to a normalized model
ok 1234 - fixture safe/mixed-scalar-and-array.json: parses to a normalized model
  ---
  duration_ms: 2.01425
  ...
# Subtest: fixture safe/read-only-scoped.json: parses to a normalized model
ok 1235 - fixture safe/read-only-scoped.json: parses to a normalized model
  ---
  duration_ms: 1.052333
  ...
# Subtest: fixture not-action/allow-not-action-admin.json: parses to a normalized model
ok 1236 - fixture not-action/allow-not-action-admin.json: parses to a normalized model
  ---
  duration_ms: 0.270541
  ...
# Subtest: fixture not-resource/allow-not-resource-overbroad.json: parses to a normalized model
ok 1237 - fixture not-resource/allow-not-resource-overbroad.json: parses to a normalized model
  ---
  duration_ms: 0.387042
  ...
# Subtest: fixture not-resource/deny-not-resource-sandbox.json: parses to a normalized model
ok 1238 - fixture not-resource/deny-not-resource-sandbox.json: parses to a normalized model
  ---
  duration_ms: 0.617333
  ...
# Subtest: single Statement object is normalized to a one-element list
ok 1239 - single Statement object is normalized to a one-element list
  ---
  duration_ms: 0.303084
  ...
# Subtest: Statement array preserves order and assigns 0-based index
ok 1240 - Statement array preserves order and assigns 0-based index
  ---
  duration_ms: 0.965791
  ...
# Subtest: scalar Action/Resource promoted to arrays
ok 1241 - scalar Action/Resource promoted to arrays
  ---
  duration_ms: 0.312041
  ...
# Subtest: array Action/Resource preserved as arrays
ok 1242 - array Action/Resource preserved as arrays
  ---
  duration_ms: 1.404542
  ...
# Subtest: missing Resource defaults to empty array (tolerant)
ok 1243 - missing Resource defaults to empty array (tolerant)
  ---
  duration_ms: 1.354708
  ...
# Subtest: NotAction populates notActions and leaves actions empty
ok 1244 - NotAction populates notActions and leaves actions empty
  ---
  duration_ms: 0.370417
  ...
# Subtest: NotResource populates notResources and leaves resources empty
ok 1245 - NotResource populates notResources and leaves resources empty
  ---
  duration_ms: 0.142875
  ...
# Subtest: absent Sid/Version/Id normalize to null
ok 1246 - absent Sid/Version/Id normalize to null
  ---
  duration_ms: 0.131958
  ...
# Subtest: Version and Id captured when present
ok 1247 - Version and Id captured when present
  ---
  duration_ms: 0.120375
  ...
# Subtest: Condition object preserved intact
ok 1248 - Condition object preserved intact
  ---
  duration_ms: 0.225125
  ...
# Subtest: Principal "*" normalizes to anyPrincipal
ok 1249 - Principal "*" normalizes to anyPrincipal
  ---
  duration_ms: 0.128625
  ...
# Subtest: Principal object normalizes each type to string arrays
ok 1250 - Principal object normalizes each type to string arrays
  ---
  duration_ms: 0.281125
  ...
# Subtest: missing Statement -> NO_STATEMENT
ok 1251 - missing Statement -> NO_STATEMENT
  ---
  duration_ms: 0.209667
  ...
# Subtest: invalid Effect -> INVALID_EFFECT
ok 1252 - invalid Effect -> INVALID_EFFECT
  ---
  duration_ms: 0.154667
  ...
# Subtest: both Action and NotAction -> ACTION_AND_NOTACTION
ok 1253 - both Action and NotAction -> ACTION_AND_NOTACTION
  ---
  duration_ms: 0.203542
  ...
# Subtest: neither Action nor NotAction -> MISSING_ACTION
ok 1254 - neither Action nor NotAction -> MISSING_ACTION
  ---
  duration_ms: 0.147084
  ...
# Subtest: both Resource and NotResource -> RESOURCE_AND_NOTRESOURCE
ok 1255 - both Resource and NotResource -> RESOURCE_AND_NOTRESOURCE
  ---
  duration_ms: 0.198416
  ...
# Subtest: non-string Action element -> INVALID_ELEMENT_TYPE
ok 1256 - non-string Action element -> INVALID_ELEMENT_TYPE
  ---
  duration_ms: 0.309542
  ...
# Subtest: object Action -> INVALID_FIELD_TYPE
ok 1257 - object Action -> INVALID_FIELD_TYPE
  ---
  duration_ms: 0.228042
  ...
# Subtest: non-object statement -> INVALID_STATEMENT
ok 1258 - non-object statement -> INVALID_STATEMENT
  ---
  duration_ms: 0.130208
  ...
# Subtest: non-object Condition -> INVALID_CONDITION
ok 1259 - non-object Condition -> INVALID_CONDITION
  ---
  duration_ms: 0.860959
  ...
# Subtest: invalid Principal scalar -> INVALID_PRINCIPAL
ok 1260 - invalid Principal scalar -> INVALID_PRINCIPAL
  ---
  duration_ms: 0.166958
  ...
# Subtest: XSS payloads in Sid/Resource survive as inert strings
ok 1261 - XSS payloads in Sid/Resource survive as inert strings
  ---
  duration_ms: 0.1455
  ...
# Subtest: __proto__ in Condition is rejected without polluting Object.prototype
ok 1262 - __proto__ in Condition is rejected without polluting Object.prototype
  ---
  duration_ms: 0.261541
  ...
# Subtest: model is deeply frozen
ok 1263 - model is deeply frozen
  ---
  duration_ms: 0.326084
  ...
# Subtest: buildModel is deterministic (same input -> same model)
ok 1264 - buildModel is deterministic (same input -> same model)
  ---
  duration_ms: 0.506917
  ...
# Subtest: parse extracts version/id and array statements
ok 1265 - parse extracts version/id and array statements
  ---
  duration_ms: 0.104125
  ...
# Subtest: parse rejects non-object top level
ok 1266 - parse rejects non-object top level
  ---
  duration_ms: 0.092042
  ...
# Subtest: validate -> buildModel pipeline agrees with modelFromText
ok 1267 - validate -> buildModel pipeline agrees with modelFromText
  ---
  duration_ms: 0.162208
  ...
# Subtest: family-envelope/ corpus is present and well-formed
ok 1268 - family-envelope/ corpus is present and well-formed
  ---
  duration_ms: 1.129459
  ...
# Subtest: analyze() matches every family-envelope fixture contract
ok 1269 - analyze() matches every family-envelope fixture contract
  ---
  duration_ms: 13.305958
  ...
# Subtest: analyze() is deterministic over the family-envelope corpus
ok 1270 - analyze() is deterministic over the family-envelope corpus
  ---
  duration_ms: 1.509
  ...
# Subtest: test 30/65: a permissions boundary reports a broad envelope with no positive capability edges
ok 1271 - test 30/65: a permissions boundary reports a broad envelope with no positive capability edges
  ---
  duration_ms: 0.602458
  ...
# Subtest: test 65: switching the same bytes to Identity produces a materially different result
ok 1272 - test 65: switching the same bytes to Identity produces a materially different result
  ---
  duration_ms: 1.507417
  ...
# Subtest: test 31/66: a session policy reports a ceiling with no capability edge and no identity relabel
ok 1273 - test 31/66: a session policy reports a ceiling with no capability edge and no identity relabel
  ---
  duration_ms: 0.624083
  ...
# Subtest: permissions-boundary selected on a Principal-bearing (resource) shape fails closed
ok 1274 - permissions-boundary selected on a Principal-bearing (resource) shape fails closed
  ---
  duration_ms: 0.485125
  ...
# Subtest: session selected on a role-trust shape fails closed with a shape mismatch
ok 1275 - session selected on a role-trust shape fails closed with a shape mismatch
  ---
  duration_ms: 0.170125
  ...
# Subtest: exports record the selected boundary/session family and agree on status
ok 1276 - exports record the selected boundary/session family and agree on status
  ---
  duration_ms: 1.014959
  ...
# Subtest: auto-detect never resolves boundary/session; identity behavior unchanged
ok 1277 - auto-detect never resolves boundary/session; identity behavior unchanged
  ---
  duration_ms: 0.499167
  ...
# Subtest: family-selection/ corpus is present and well-formed
ok 1278 - family-selection/ corpus is present and well-formed
  ---
  duration_ms: 0.936666
  ...
# Subtest: analyze() matches every family-selection fixture contract
ok 1279 - analyze() matches every family-selection fixture contract
  ---
  duration_ms: 9.063459
  ...
# Subtest: analyze() is deterministic over the family-selection corpus
ok 1280 - analyze() is deterministic over the family-selection corpus
  ---
  duration_ms: 11.030166
  ...
# Subtest: test 64: requireExplicitFamily with no selection -> POLICY_FAMILY_REQUIRED, no identity default
ok 1281 - test 64: requireExplicitFamily with no selection -> POLICY_FAMILY_REQUIRED, no identity default
  ---
  duration_ms: 0.363791
  ...
# Subtest: test 64: an empty-string family is treated as no selection under the required contract
ok 1282 - test 64: an empty-string family is treated as no selection under the required contract
  ---
  duration_ms: 0.253083
  ...
# Subtest: engine back-compat: WITHOUT requireExplicitFamily, no selection still auto-detects (identity)
ok 1283 - engine back-compat: WITHOUT requireExplicitFamily, no selection still auto-detects (identity)
  ---
  duration_ms: 0.9905
  ...
# Subtest: explicit Auto-detect satisfies the mandatory contract and detects the shape
ok 1284 - explicit Auto-detect satisfies the mandatory contract and detects the shape
  ---
  duration_ms: 0.735375
  ...
# Subtest: test 70: the same bytes analyzed under two families produce materially different results
ok 1285 - test 70: the same bytes analyzed under two families produce materially different results
  ---
  duration_ms: 0.561042
  ...
# Subtest: test 71: status agrees across browser/JSON/Markdown for ok/warned/blocked/error
ok 1286 - test 71: status agrees across browser/JSON/Markdown for ok/warned/blocked/error
  ---
  duration_ms: 3.161958
  ...
# Subtest: test 71: a blocked export is never labeled authoritative (status blocked, not ok)
ok 1287 - test 71: a blocked export is never labeled authoritative (status blocked, not ok)
  ---
  duration_ms: 1.095542
  ...
# Subtest: test 71: the explicitly selected family is recorded in both exports
ok 1288 - test 71: the explicitly selected family is recorded in both exports
  ---
  duration_ms: 0.774958
  ...
# Subtest: 86: AddUserToGroup -> dedicated GROUP-MEMBERSHIP, not generic direct-IAM admin
ok 1289 - 86: AddUserToGroup -> dedicated GROUP-MEMBERSHIP, not generic direct-IAM admin
  ---
  duration_ms: 8.649375
  ...
# Subtest: 87: both roles passable -> critical; task and execution rendered as SEPARATE graph nodes
ok 1290 - 87: both roles passable -> critical; task and execution rendered as SEPARATE graph nodes
  ---
  duration_ms: 3.907208
  ...
# Subtest: 88: only execution role passable -> high, no invented task node, no app-cred claim
ok 1291 - 88: only execution role passable -> high, no invented task node, no app-cred claim
  ---
  duration_ms: 1.505583
  ...
# Subtest: 89: only task role passable -> critical task-role execution, target perms unknown
ok 1292 - 89: only task role passable -> critical task-role execution, target perms unknown
  ---
  duration_ms: 2.240125
  ...
# Subtest: 38 (suite-2): two passable roles kept distinct, RegisterTaskDefinition+RunTask joint
ok 1293 - 38 (suite-2): two passable roles kept distinct, RegisterTaskDefinition+RunTask joint
  ---
  duration_ms: 2.026
  ...
# Subtest: 90: RegisterTaskDefinition WITHOUT RunTask -> high staging, not critical execution
ok 1294 - 90: RegisterTaskDefinition WITHOUT RunTask -> high staging, not critical execution
  ---
  duration_ms: 1.775083
  ...
# Subtest: 91: cross-account PassRole+EC2 with subject account -> not viable, account mismatch warned
ok 1295 - 91: cross-account PassRole+EC2 with subject account -> not viable, account mismatch warned
  ---
  duration_ms: 1.923375
  ...
# Subtest: 91: WITHOUT subject-account context the finding is not silently downgraded (unchanged behavior)
ok 1296 - 91: WITHOUT subject-account context the finding is not silently downgraded (unchanged behavior)
  ---
  duration_ms: 5.883541
  ...
# Subtest: 91b: foreign PassRole ARN + bare "*" resource -> stays critical, no account-mismatch downgrade
ok 1297 - 91b: foreign PassRole ARN + bare "*" resource -> stays critical, no account-mismatch downgrade
  ---
  duration_ms: 3.743041
  ...
# Subtest: 91c: foreign PassRole ARN + account-wildcard ARN -> stays critical, no account-mismatch downgrade
ok 1298 - 91c: foreign PassRole ARN + account-wildcard ARN -> stays critical, no account-mismatch downgrade
  ---
  duration_ms: 1.694083
  ...
# Subtest: 11B: an ambiguous/garbage subjectAccount does NOT demote a critical cross-account PassRole path
ok 1299 - 11B: an ambiguous/garbage subjectAccount does NOT demote a critical cross-account PassRole path
  ---
  duration_ms: 37.374542
  ...
# Subtest: Test 55: duplicate Action (dangerous value first) -> BLOCKED DUPLICATE_JSON_KEY, no findings
ok 1300 - Test 55: duplicate Action (dangerous value first) -> BLOCKED DUPLICATE_JSON_KEY, no findings
  ---
  duration_ms: 1.150417
  ...
# Subtest: Test 56: duplicate Action (dangerous value last) -> same BLOCKED result, order-independent
ok 1301 - Test 56: duplicate Action (dangerous value last) -> same BLOCKED result, order-independent
  ---
  duration_ms: 0.122333
  ...
# Subtest: Test 57: escaped key \\u0041ction decodes to Action -> BLOCKED (post-escape comparison)
ok 1302 - Test 57: escaped key \\u0041ction decodes to Action -> BLOCKED (post-escape comparison)
  ---
  duration_ms: 0.073875
  ...
# Subtest: Test 58: duplicate nested condition key -> BLOCKED at the exact condition path
ok 1303 - Test 58: duplicate nested condition key -> BLOCKED at the exact condition path
  ---
  duration_ms: 0.091167
  ...
# Subtest: Test 61: JSONC comments / trailing commas remain invalid JSON (never silently fixed)
ok 1304 - Test 61: JSONC comments / trailing commas remain invalid JSON (never silently fixed)
  ---
  duration_ms: 0.089709
  ...
# Subtest: Test 60: non-unique Sids are flagged (DUPLICATE_SID); statement/finding IDs stay distinct
ok 1305 - Test 60: non-unique Sids are flagged (DUPLICATE_SID); statement/finding IDs stay distinct
  ---
  duration_ms: 12.431875
  ...
# Subtest: Test 60 control: unique (and absent) Sids raise no DUPLICATE_SID flag
ok 1306 - Test 60 control: unique (and absent) Sids raise no DUPLICATE_SID flag
  ---
  duration_ms: 1.252417
  ...
# Subtest: Test 62: a single leading UTF-8 BOM is stripped and the policy validates
ok 1307 - Test 62: a single leading UTF-8 BOM is stripped and the policy validates
  ---
  duration_ms: 0.224125
  ...
# Subtest: Test 62: only ONE leading BOM is stripped; a second leading BOM still fails as invalid JSON
ok 1308 - Test 62: only ONE leading BOM is stripped; a second leading BOM still fails as invalid JSON
  ---
  duration_ms: 0.625417
  ...
# Subtest: Test 62: an embedded U+FEFF inside a string is PRESERVED, never stripped
ok 1309 - Test 62: an embedded U+FEFF inside a string is PRESERVED, never stripped
  ---
  duration_ms: 1.30325
  ...
# Subtest: Test 63: repeated ingestion of identical bytes yields identical validate() + analyze()
ok 1310 - Test 63: repeated ingestion of identical bytes yields identical validate() + analyze()
  ---
  duration_ms: 5.471584
  ...
# Subtest: Test 63: a BOM-prefixed input (import path) converges on the same result as the pasted bytes
ok 1311 - Test 63: a BOM-prefixed input (import path) converges on the same result as the pasted bytes
  ---
  duration_ms: 1.188125
  ...
# Subtest: Test 63: the (imported) filename never influences the analysis
ok 1312 - Test 63: the (imported) filename never influences the analysis
  ---
  duration_ms: 7.201333
  ...
# Subtest: Test 98: re-analysis fully replaces prior state (no stale critical result resurrected)
ok 1313 - Test 98: re-analysis fully replaces prior state (no stale critical result resurrected)
  ---
  duration_ms: 11.718291
  ...
# Subtest: Test 99: the injection-witness fixture renders inert in Markdown and exact in JSON
ok 1314 - Test 99: the injection-witness fixture renders inert in Markdown and exact in JSON
  ---
  duration_ms: 23.293958
  ...
# Subtest: Test 100: byte-size rejection precedes JSON parsing (TOO_LARGE, not INVALID_JSON)
ok 1315 - Test 100: byte-size rejection precedes JSON parsing (TOO_LARGE, not INVALID_JSON)
  ---
  duration_ms: 1.039958
  ...
# Subtest: Test 100: statement-count boundary - at limit accepted, limit+1 rejected before findings
ok 1316 - Test 100: statement-count boundary - at limit accepted, limit+1 rejected before findings
  ---
  duration_ms: 20.14975
  ...
# Subtest: Test 100: actions-per-policy boundary - at limit accepted, limit+1 rejected
ok 1317 - Test 100: actions-per-policy boundary - at limit accepted, limit+1 rejected
  ---
  duration_ms: 19.258625
  ...
# Subtest: Test 100: resources-per-policy boundary - at limit accepted, limit+1 rejected
ok 1318 - Test 100: resources-per-policy boundary - at limit accepted, limit+1 rejected
  ---
  duration_ms: 16.642208
  ...
# Subtest: Test 100: nesting-depth boundary - the depth gate fires only at limit+1
ok 1319 - Test 100: nesting-depth boundary - the depth gate fires only at limit+1
  ---
  duration_ms: 0.976417
  ...
# Subtest: Test 100: an early parser error precedes any semantic finding, and status is never "complete"
ok 1320 - Test 100: an early parser error precedes any semantic finding, and status is never "complete"
  ---
  duration_ms: 0.275208
  ...
# Subtest: Test 100: over-limit and under-limit results are both deterministic (no partial success)
ok 1321 - Test 100: over-limit and under-limit results are both deterministic (no partial success)
  ---
  duration_ms: 1.337083
  ...
# Subtest: Test 100: graph node cap bounds a high-fan-out policy (truncated, never a hang)
ok 1322 - Test 100: graph node cap bounds a high-fan-out policy (truncated, never a hang)
  ---
  duration_ms: 3.036416
  ...
# Subtest: family-rcp/ corpus is present and well-formed
ok 1323 - family-rcp/ corpus is present and well-formed
  ---
  duration_ms: 0.5895
  ...
# Subtest: analyze() matches every family-rcp fixture contract
ok 1324 - analyze() matches every family-rcp fixture contract
  ---
  duration_ms: 7.552625
  ...
# Subtest: analyze() is deterministic over the family-rcp corpus
ok 1325 - analyze() is deterministic over the family-rcp corpus
  ---
  duration_ms: 5.6275
  ...
# Subtest: test 52: RCP confused-deputy guardrail analyzed as a resource-control ceiling (no grant, no public access)
ok 1326 - test 52: RCP confused-deputy guardrail analyzed as a resource-control ceiling (no grant, no public access)
  ---
  duration_ms: 3.25825
  ...
# Subtest: F1: positive-operator org-scope Deny is flagged as an inverted-polarity hazard, not confused-deputy protection
ok 1327 - F1: positive-operator org-scope Deny is flagged as an inverted-polarity hazard, not confused-deputy protection
  ---
  duration_ms: 3.665125
  ...
# Subtest: F1: inverted polarity on an organization-perimeter RCP (no service key) is also flagged
ok 1328 - F1: inverted polarity on an organization-perimeter RCP (no service key) is also flagged
  ---
  duration_ms: 1.335
  ...
# Subtest: F1 regression: a NEGATED org-scope Deny (test 52) still narrates "deny unless the org matches", no hazard
ok 1329 - F1 regression: a NEGATED org-scope Deny (test 52) still narrates "deny unless the org matches", no hazard
  ---
  duration_ms: 0.343916
  ...
# Subtest: auto-detect still blocks an RCP shape as a resource-based document (UNSUPPORTED_POLICY_FAMILY)
ok 1330 - auto-detect still blocks an RCP shape as a resource-based document (UNSUPPORTED_POLICY_FAMILY)
  ---
  duration_ms: 0.397709
  ...
# Subtest: selecting RCP on an ordinary resource grant fails closed (no relabeling)
ok 1331 - selecting RCP on an ordinary resource grant fails closed (no relabeling)
  ---
  duration_ms: 0.4105
  ...
# Subtest: selecting RCP on a Principal-bearing Deny with NO org-scope signal fails closed
ok 1332 - selecting RCP on a Principal-bearing Deny with NO org-scope signal fails closed
  ---
  duration_ms: 0.359167
  ...
# Subtest: analyzeRcp ignores an RCPFullAWSAccess pass-through Allow and emits only Deny guardrails
ok 1333 - analyzeRcp ignores an RCPFullAWSAccess pass-through Allow and emits only Deny guardrails
  ---
  duration_ms: 8.937
  ...
# Subtest: exports record the scp-rcp family and agree on status
ok 1334 - exports record the scp-rcp family and agree on status
  ---
  duration_ms: 1.015708
  ...
# Subtest: family-scp/ corpus is present and well-formed
ok 1335 - family-scp/ corpus is present and well-formed
  ---
  duration_ms: 1.074458
  ...
# Subtest: analyze() matches every family-scp fixture contract
ok 1336 - analyze() matches every family-scp fixture contract
  ---
  duration_ms: 8.187708
  ...
# Subtest: analyze() is deterministic over the family-scp corpus
ok 1337 - analyze() is deterministic over the family-scp corpus
  ---
  duration_ms: 4.033208
  ...
# Subtest: test 19: SCP deny guardrails reported as ceilings, NotAction carve-out never allowed
ok 1338 - test 19: SCP deny guardrails reported as ceilings, NotAction carve-out never allowed
  ---
  duration_ms: 0.85875
  ...
# Subtest: test 43: negated ...IfExists region Deny flagged as a potentially over-broad guardrail (not a grant)
ok 1339 - test 43: negated ...IfExists region Deny flagged as a potentially over-broad guardrail (not a grant)
  ---
  duration_ms: 0.734833
  ...
# Subtest: auto-detect still blocks a deny-guardrail SCP shape (UNSUPPORTED_SCP_SHAPE)
ok 1340 - auto-detect still blocks a deny-guardrail SCP shape (UNSUPPORTED_SCP_SHAPE)
  ---
  duration_ms: 0.890916
  ...
# Subtest: IAM-1302: a mixed FullAWSAccess + region-Deny SCP FAILS CLOSED under auto-detect (never manufactures a grant)
ok 1341 - IAM-1302: a mixed FullAWSAccess + region-Deny SCP FAILS CLOSED under auto-detect (never manufactures a grant)
  ---
  duration_ms: 0.5745
  ...
# Subtest: IAM-1302: the same mixed SCP under an explicit SCP selection is a ceiling + guardrail (no grant, no edges)
ok 1342 - IAM-1302: the same mixed SCP under an explicit SCP selection is a ceiling + guardrail (no grant, no edges)
  ---
  duration_ms: 0.675958
  ...
# Subtest: IAM-1302: broadening the SCP recognizer does NOT sweep up identity policies
ok 1343 - IAM-1302: broadening the SCP recognizer does NOT sweep up identity policies
  ---
  duration_ms: 13.182208
  ...
# Subtest: an RCP (Principal-bearing) shape under an scp-rcp selection routes to the RCP guardrail evaluator (not the SCP ceiling, not fail-closed)
ok 1344 - an RCP (Principal-bearing) shape under an scp-rcp selection routes to the RCP guardrail evaluator (not the SCP ceiling, not fail-closed)
  ---
  duration_ms: 2.017666
  ...
# Subtest: selecting SCP on an identity-shaped allow-list document fails closed (no relabeling)
ok 1345 - selecting SCP on an identity-shaped allow-list document fails closed (no relabeling)
  ---
  duration_ms: 0.780459
  ...
# Subtest: analyzeScp models an SCP Allow statement as a maximum-permissions CEILING (never a grant)
ok 1346 - analyzeScp models an SCP Allow statement as a maximum-permissions CEILING (never a grant)
  ---
  duration_ms: 0.448709
  ...
# Subtest: exports record the SCP family and agree on status
ok 1347 - exports record the SCP family and agree on status
  ---
  duration_ms: 2.069625
  ...
# Subtest: shipped JS contains no network API (zero egress)
ok 1348 - shipped JS contains no network API (zero egress)
  ---
  duration_ms: 4.898291
  ...
# Subtest: shipped JS never writes web storage / IndexedDB / cookies
ok 1349 - shipped JS never writes web storage / IndexedDB / cookies
  ---
  duration_ms: 4.971416
  ...
# Subtest: shipped JS never writes to the URL, history, or window.name
ok 1350 - shipped JS never writes to the URL, history, or window.name
  ---
  duration_ms: 2.645875
  ...
# Subtest: a failed analysis excludes policy text from its error payload
ok 1351 - a failed analysis excludes policy text from its error payload
  ---
  duration_ms: 2.243
  ...
# Subtest: JSON export carries caveat + coverage + catalog version + build SHA
ok 1352 - JSON export carries caveat + coverage + catalog version + build SHA
  ---
  duration_ms: 16.284666
  ...
# Subtest: Markdown export carries caveat + coverage section + build SHA + versions
ok 1353 - Markdown export carries caveat + coverage section + build SHA + versions
  ---
  duration_ms: 4.293708
  ...
# Subtest: hostile HTML/SVG payloads round-trip as inert string data in JSON export
ok 1354 - hostile HTML/SVG payloads round-trip as inert string data in JSON export
  ---
  duration_ms: 0.711667
  ...
# Subtest: hostile Markdown control characters cannot inject document structure
ok 1355 - hostile Markdown control characters cannot inject document structure
  ---
  duration_ms: 2.6325
  ...
# Subtest: hostile Unicode (BiDi / zero-width) rides through analysis as inert data
ok 1356 - hostile Unicode (BiDi / zero-width) rides through analysis as inert data
  ---
  duration_ms: 1.737292
  ...
# Subtest: IAM-1103: the record bundle exposes the 8 BND-* + 10 DEF-* analyzer cases
ok 1357 - IAM-1103: the record bundle exposes the 8 BND-* + 10 DEF-* analyzer cases
  ---
  duration_ms: 0.612584
  ...
# Subtest: IAM-1103 record case BND-01: analyze() matches the bundle expectation (name-mapped)
ok 1358 - IAM-1103 record case BND-01: analyze() matches the bundle expectation (name-mapped)
  ---
  duration_ms: 2.982667
  ...
# Subtest: IAM-1103 record case DEF-01: analyze() matches the bundle expectation (name-mapped)
ok 1359 - IAM-1103 record case DEF-01: analyze() matches the bundle expectation (name-mapped)
  ---
  duration_ms: 4.185208
  ...
# Subtest: IAM-1103 record case DEF-02: analyze() matches the bundle expectation (name-mapped)
ok 1360 - IAM-1103 record case DEF-02: analyze() matches the bundle expectation (name-mapped)
  ---
  duration_ms: 3.373167
  ...
# Subtest: IAM-1103 record case DEF-03: analyze() matches the bundle expectation (name-mapped)
ok 1361 - IAM-1103 record case DEF-03: analyze() matches the bundle expectation (name-mapped)
  ---
  duration_ms: 2.182375
  ...
# Subtest: IAM-1103 record case DEF-04: analyze() matches the bundle expectation (name-mapped)
ok 1362 - IAM-1103 record case DEF-04: analyze() matches the bundle expectation (name-mapped)
  ---
  duration_ms: 0.752625
  ...
# Subtest: IAM-1103 record case DEF-05: analyze() matches the bundle expectation (name-mapped)
ok 1363 - IAM-1103 record case DEF-05: analyze() matches the bundle expectation (name-mapped)
  ---
  duration_ms: 0.493542
  ...
# Subtest: IAM-1103 record case DEF-06: analyze() matches the bundle expectation (name-mapped)
ok 1364 - IAM-1103 record case DEF-06: analyze() matches the bundle expectation (name-mapped)
  ---
  duration_ms: 0.879958
  ...
# Subtest: IAM-1103 record case DEF-07: analyze() matches the bundle expectation (name-mapped)
ok 1365 - IAM-1103 record case DEF-07: analyze() matches the bundle expectation (name-mapped)
  ---
  duration_ms: 1.363583
  ...
# Subtest: IAM-1103 record case DEF-08: analyze() matches the bundle expectation (name-mapped)
ok 1366 - IAM-1103 record case DEF-08: analyze() matches the bundle expectation (name-mapped)
  ---
  duration_ms: 3.044041
  ...
# Subtest: IAM-1103: every UI-only record case has a named e2e assertion (no silent skips)
ok 1367 - IAM-1103: every UI-only record case has a named e2e assertion (no silent skips)
  ---
  duration_ms: 0.164917
  ...
# Subtest: IAM-1103: no record case is silently skipped
ok 1368 - IAM-1103: no record case is silently skipped
  ---
  duration_ms: 0.064958
  ...
# Subtest: computeLayout is deterministic and produces finite integer geometry
ok 1369 - computeLayout is deterministic and produces finite integer geometry
  ---
  duration_ms: 12.510333
  ...
# Subtest: computeLayout tolerates empty / malformed graph input without throwing
ok 1370 - computeLayout tolerates empty / malformed graph input without throwing
  ---
  duration_ms: 0.798666
  ...
# Subtest: IAM-802: a principal-less role-trust graph roots at the external origin, draws no phantom principal
ok 1371 - IAM-802: a principal-less role-trust graph roots at the external origin, draws no phantom principal
  ---
  duration_ms: 1.289375
  ...
# Subtest: IAM-802: rendering a role-trust graph is inert and omits the principal-subject label
ok 1372 - IAM-802: rendering a role-trust graph is inert and omits the principal-subject label
  ---
  duration_ms: 0.911375
  ...
# Subtest: an edge to an absent node is dropped from the layout
ok 1373 - an edge to an absent node is dropped from the layout
  ---
  duration_ms: 0.154917
  ...
# Subtest: createGraphRenderer requires a document with createElementNS
ok 1374 - createGraphRenderer requires a document with createElementNS
  ---
  duration_ms: 0.119167
  ...
# Subtest: render builds an <svg> with only whitelisted element tags
ok 1375 - render builds an <svg> with only whitelisted element tags
  ---
  duration_ms: 4.115917
  ...
# Subtest: each edge group carries the distinct css class for its certainty
ok 1376 - each edge group carries the distinct css class for its certainty
  ---
  duration_ms: 1.672
  ...
# Subtest: IAM-107: the passable-role pivot renders as a distinguished unknown-privileges node
ok 1377 - IAM-107: the passable-role pivot renders as a distinguished unknown-privileges node
  ---
  duration_ms: 4.237292
  ...
# Subtest: IAM-107: the transition lays out left-to-right across columns (pivot between principal and service)
ok 1378 - IAM-107: the transition lays out left-to-right across columns (pivot between principal and service)
  ---
  duration_ms: 2.233
  ...
# Subtest: IAM-401: a multi-category policy lays out distinct, non-empty semantic lanes
ok 1379 - IAM-401: a multi-category policy lays out distinct, non-empty semantic lanes
  ---
  duration_ms: 4.750959
  ...
# Subtest: IAM-401: empty lanes are omitted (a single-capability policy renders one lane)
ok 1380 - IAM-401: empty lanes are omitted (a single-capability policy renders one lane)
  ---
  duration_ms: 3.239375
  ...
# Subtest: IAM-401: render draws a labeled heading per non-empty lane, from the fixed vocabulary
ok 1381 - IAM-401: render draws a labeled heading per non-empty lane, from the fixed vocabulary
  ---
  duration_ms: 4.854958
  ...
# Subtest: IAM-401: lane-grouped render is deterministic (same graph -> identical layout)
ok 1382 - IAM-401: lane-grouped render is deterministic (same graph -> identical layout)
  ---
  duration_ms: 1.805334
  ...
# Subtest: EDGE_STYLE_ORDER lists every certainty class exactly once
ok 1383 - EDGE_STYLE_ORDER lists every certainty class exactly once
  ---
  duration_ms: 0.163333
  ...
# Subtest: IAM-202: the kms:Decrypt edge renders with the distinct can-decrypt edge-type class
ok 1384 - IAM-202: the kms:Decrypt edge renders with the distinct can-decrypt edge-type class
  ---
  duration_ms: 1.171375
  ...
# Subtest: reduced-motion is honored: entrance-animation class is omitted
ok 1385 - reduced-motion is honored: entrance-animation class is omitted
  ---
  duration_ms: 2.463417
  ...
# Subtest: an empty graph renders an explanatory note instead of a dead box
ok 1386 - an empty graph renders an explanatory note instead of a dead box
  ---
  duration_ms: 0.49025
  ...
# Subtest: clicking an edge invokes onEdgeSelect with the original edge
ok 1387 - clicking an edge invokes onEdgeSelect with the original edge
  ---
  duration_ms: 1.42625
  ...
# Subtest: Enter and Space activate an edge from the keyboard
ok 1388 - Enter and Space activate an edge from the keyboard
  ---
  duration_ms: 1.283167
  ...
# Subtest: renderEvidence shows statement/actions/resources/condition + evidence/exploitability/limit
ok 1389 - renderEvidence shows statement/actions/resources/condition + evidence/exploitability/limit
  ---
  duration_ms: 1.573958
  ...
# Subtest: renderEvidence handles a null/edge with no evidence without throwing
ok 1390 - renderEvidence handles a null/edge with no evidence without throwing
  ---
  duration_ms: 0.213916
  ...
# Subtest: SVG/HTML/JS payloads in policy fields render as inert text, never as markup
ok 1391 - SVG/HTML/JS payloads in policy fields render as inert text, never as markup
  ---
  duration_ms: 1.484208
  ...
# Subtest: renderEvidence serializes a hostile condition object as inert JSON text
ok 1392 - renderEvidence serializes a hostile condition object as inert JSON text
  ---
  duration_ms: 0.250917
  ...
# Subtest: toJSON produces valid, deterministic JSON that round-trips
ok 1393 - toJSON produces valid, deterministic JSON that round-trips
  ---
  duration_ms: 14.776
  ...
# Subtest: toMarkdown is deterministic and carries the caveat + a finding heading
ok 1394 - toMarkdown is deterministic and carries the caveat + a finding heading
  ---
  duration_ms: 8.701792
  ...
# Subtest: compound path exports its risk-factor checklist + subsumed findings (IAM-105)
ok 1395 - compound path exports its risk-factor checklist + subsumed findings (IAM-105)
  ---
  duration_ms: 2.57175
  ...
# Subtest: empty analysis exports a clean "no findings" report in both formats
ok 1396 - empty analysis exports a clean "no findings" report in both formats
  ---
  duration_ms: 1.034292
  ...
# Subtest: hostile policy fields serialize as inert text (no markup execution vector)
ok 1397 - hostile policy fields serialize as inert text (no markup execution vector)
  ---
  duration_ms: 0.381292
  ...
# Subtest: bare URLs / www. hosts in policy fields cannot become active links (autolink break)
ok 1398 - bare URLs / www. hosts in policy fields cannot become active links (autolink break)
  ---
  duration_ms: 6.216792
  ...
# Subtest: breakAutolinks stays linear on a large no-colon value (no quadratic hang)
ok 1399 - breakAutolinks stays linear on a large no-colon value (no quadratic hang)
  ---
  duration_ms: 4.4455
  ...
# Subtest: report serializers never throw on a failed analysis
ok 1400 - report serializers never throw on a failed analysis
  ---
  duration_ms: 0.286833
  ...
# Subtest: perServiceRuleSetFor: every modeled service token has a handler
ok 1401 - perServiceRuleSetFor: every modeled service token has a handler
  ---
  duration_ms: 0.522292
  ...
# Subtest: perServiceRuleSetFor: generic / unknown / invalid / dangerous tokens -> null
ok 1402 - perServiceRuleSetFor: generic / unknown / invalid / dangerous tokens -> null
  ---
  duration_ms: 0.125334
  ...
# Subtest: perServiceRuleSetFor: dangerous keys never resolve an inherited value (Map, not prototype)
ok 1403 - perServiceRuleSetFor: dangerous keys never resolve an inherited value (Map, not prototype)
  ---
  duration_ms: 0.049917
  ...
# Subtest: dispatch scoping: KMS handler is distinct from S3 and messaging handlers
ok 1404 - dispatch scoping: KMS handler is distinct from S3 and messaging handlers
  ---
  duration_ms: 0.062166
  ...
# Subtest: dispatchPerServiceRules: returns [] for every modeled service (pure routing)
ok 1405 - dispatchPerServiceRules: returns [] for every modeled service (pure routing)
  ---
  duration_ms: 1.488166
  ...
# Subtest: dispatchPerServiceRules: generic / unknown / missing service -> [] (falls back to generic)
ok 1406 - dispatchPerServiceRules: generic / unknown / missing service -> [] (falls back to generic)
  ---
  duration_ms: 0.709375
  ...
# Subtest: dispatchPerServiceRules: NEVER throws on hostile / malformed ctx or model
ok 1407 - dispatchPerServiceRules: NEVER throws on hostile / malformed ctx or model
  ---
  duration_ms: 0.249375
  ...
# Subtest: analyzeResource: per-service dispatch is additive - generic findings preserved on every service
ok 1408 - analyzeResource: per-service dispatch is additive - generic findings preserved on every service
  ---
  duration_ms: 3.514375
  ...
# Subtest: analyzeResource: KMS anonymous "*" is NOT reclassified by dispatch (no bleed from a future KMS carve-out)
ok 1409 - analyzeResource: KMS anonymous "*" is NOT reclassified by dispatch (no bleed from a future KMS carve-out)
  ---
  duration_ms: 0.754458
  ...
# Subtest: analyzeResource: rejected / unmodeled context still fails closed after dispatch is wired
ok 1410 - analyzeResource: rejected / unmodeled context still fails closed after dispatch is wired
  ---
  duration_ms: 1.087959
  ...
# Subtest: analyzeResource: determinism - combined finding set is byte-identical across two runs
ok 1411 - analyzeResource: determinism - combined finding set is byte-identical across two runs
  ---
  duration_ms: 7.239167
  ...
# Subtest: the generic resourceFindings loop stays module-internal (not part of the export surface)
ok 1412 - the generic resourceFindings loop stays module-internal (not part of the export surface)
  ---
  duration_ms: 1.221166
  ...
# Subtest: fixtures/resource corpus is present and well-formed
ok 1413 - fixtures/resource corpus is present and well-formed
  ---
  duration_ms: 2.0405
  ...
# Subtest: resource fixture accepted-s3-public-read.json: analyze() matches the resource contract
ok 1414 - resource fixture accepted-s3-public-read.json: analyze() matches the resource contract
  ---
  duration_ms: 6.78825
  ...
# Subtest: resource fixture accepted-sns-service-principal.json: analyze() matches the resource contract
ok 1415 - resource fixture accepted-sns-service-principal.json: analyze() matches the resource contract
  ---
  duration_ms: 2.250667
  ...
# Subtest: resource fixture bucket-vs-object-mismatch.json: analyze() matches the resource contract
ok 1416 - resource fixture bucket-vs-object-mismatch.json: analyze() matches the resource contract
  ---
  duration_ms: 1.687667
  ...
# Subtest: resource fixture context-required.json: analyze() matches the resource contract
ok 1417 - resource fixture context-required.json: analyze() matches the resource contract
  ---
  duration_ms: 0.907333
  ...
# Subtest: resource fixture external-account-grant.json: analyze() matches the resource contract
ok 1418 - resource fixture external-account-grant.json: analyze() matches the resource contract
  ---
  duration_ms: 1.289
  ...
# Subtest: resource fixture kms-account-delegation.json: analyze() matches the resource contract
ok 1419 - resource fixture kms-account-delegation.json: analyze() matches the resource contract
  ---
  duration_ms: 11.224917
  ...
# Subtest: resource fixture public-read-transport-deny.json: analyze() matches the resource contract
ok 1420 - resource fixture public-read-transport-deny.json: analyze() matches the resource contract
  ---
  duration_ms: 0.760375
  ...
# Subtest: resource fixture public-star-narrowed-by-principal-tag.json: analyze() matches the resource contract
ok 1421 - resource fixture public-star-narrowed-by-principal-tag.json: analyze() matches the resource contract
  ---
  duration_ms: 7.672375
  ...
# Subtest: resource fixture same-account-role-session-grant.json: analyze() matches the resource contract
ok 1422 - resource fixture same-account-role-session-grant.json: analyze() matches the resource contract
  ---
  duration_ms: 4.029792
  ...
# Subtest: resource fixture same-account-user-grant.json: analyze() matches the resource contract
ok 1423 - resource fixture same-account-user-grant.json: analyze() matches the resource contract
  ---
  duration_ms: 1.097333
  ...
# Subtest: resource fixture service-principal-mismatched-source-multi-account.json: analyze() matches the resource contract
ok 1424 - resource fixture service-principal-mismatched-source-multi-account.json: analyze() matches the resource contract
  ---
  duration_ms: 19.269459
  ...
# Subtest: resource fixture service-principal-mismatched-source.json: analyze() matches the resource contract
ok 1425 - resource fixture service-principal-mismatched-source.json: analyze() matches the resource contract
  ---
  duration_ms: 0.366667
  ...
# Subtest: resource fixture service-principal-source-bound.json: analyze() matches the resource contract
ok 1426 - resource fixture service-principal-source-bound.json: analyze() matches the resource contract
  ---
  duration_ms: 3.477166
  ...
# Subtest: resource fixture suite3-test-69-public-resource-analyzed.json: analyze() matches the resource contract
ok 1427 - resource fixture suite3-test-69-public-resource-analyzed.json: analyze() matches the resource contract
  ---
  duration_ms: 0.232
  ...
# Subtest: resource fixture suite3-test-85-star-narrowed-principalarn-analyzed.json: analyze() matches the resource contract
ok 1428 - resource fixture suite3-test-85-star-narrowed-principalarn-analyzed.json: analyze() matches the resource contract
  ---
  duration_ms: 0.264959
  ...
# Subtest: resource fixture unmodeled-service-shape.json: analyze() matches the resource contract
ok 1429 - resource fixture unmodeled-service-shape.json: analyze() matches the resource contract
  ---
  duration_ms: 0.103583
  ...
# Subtest: resource fixture unsupported-principal-arn-wildcard.json: analyze() matches the resource contract
ok 1430 - resource fixture unsupported-principal-arn-wildcard.json: analyze() matches the resource contract
  ---
  duration_ms: 0.150458
  ...
# Subtest: resource fixture unsupported-principal-canonical-user.json: analyze() matches the resource contract
ok 1431 - resource fixture unsupported-principal-canonical-user.json: analyze() matches the resource contract
  ---
  duration_ms: 0.1215
  ...
# Subtest: resource fixture unsupported-principal-federated-wildcard.json: analyze() matches the resource contract
ok 1432 - resource fixture unsupported-principal-federated-wildcard.json: analyze() matches the resource contract
  ---
  duration_ms: 0.13425
  ...
# Subtest: resource fixture unsupported-principal-service-wildcard.json: analyze() matches the resource contract
ok 1433 - resource fixture unsupported-principal-service-wildcard.json: analyze() matches the resource contract
  ---
  duration_ms: 0.099458
  ...
# Subtest: accepted resource analysis never emits an identity finding
ok 1434 - accepted resource analysis never emits an identity finding
  ---
  duration_ms: 5.182375
  ...
# Subtest: resource analysis is deterministic
ok 1435 - resource analysis is deterministic
  ---
  duration_ms: 8.75475
  ...
# Subtest: parseArn: parses valid ARNs and preserves the partition
ok 1436 - parseArn: parses valid ARNs and preserves the partition
  ---
  duration_ms: 0.245542
  ...
# Subtest: parseArn: rejects non-ARN strings
ok 1437 - parseArn: rejects non-ARN strings
  ---
  duration_ms: 0.225791
  ...
# Subtest: serviceForArn: s3 bucket vs object, sns/sqs/kms, and generic
ok 1438 - serviceForArn: s3 bucket vs object, sns/sqs/kms, and generic
  ---
  duration_ms: 0.174375
  ...
# Subtest: MODELED_RESOURCE_SERVICES excludes generic
ok 1439 - MODELED_RESOURCE_SERVICES excludes generic
  ---
  duration_ms: 0.098125
  ...
# Subtest: parseResourceContext: missing/empty/invalid -> RESOURCE_CONTEXT_REQUIRED
ok 1440 - parseResourceContext: missing/empty/invalid -> RESOURCE_CONTEXT_REQUIRED
  ---
  duration_ms: 0.220541
  ...
# Subtest: parseResourceContext: unmodeled service -> UNSUPPORTED_RESOURCE_SHAPE
ok 1441 - parseResourceContext: unmodeled service -> UNSUPPORTED_RESOURCE_SHAPE
  ---
  duration_ms: 0.175209
  ...
# Subtest: parseResourceContext: modeled services accepted
ok 1442 - parseResourceContext: modeled services accepted
  ---
  duration_ms: 0.187292
  ...
# Subtest: enumeratePrincipals: classifies distinct principal types, flags anonymous
ok 1443 - enumeratePrincipals: classifies distinct principal types, flags anonymous
  ---
  duration_ms: 0.3125
  ...
# Subtest: analyzeResource: accepted context -> ok, incomplete coverage note, records context
ok 1444 - analyzeResource: accepted context -> ok, incomplete coverage note, records context
  ---
  duration_ms: 0.225583
  ...
# Subtest: analyzeResource: REJECTED context fails closed at the boundary (ok:false, parser code, rejected note)
ok 1445 - analyzeResource: REJECTED context fails closed at the boundary (ok:false, parser code, rejected note)
  ---
  duration_ms: 0.3815
  ...
# Subtest: analyzeResource: anonymous "*" Allow -> PUBLIC-ACCESS critical
ok 1446 - analyzeResource: anonymous "*" Allow -> PUBLIC-ACCESS critical
  ---
  duration_ms: 0.281666
  ...
# Subtest: analyzeResource: {AWS:"*"} is equivalent to Principal "*" -> PUBLIC-ACCESS
ok 1447 - analyzeResource: {AWS:"*"} is equivalent to Principal "*" -> PUBLIC-ACCESS
  ---
  duration_ms: 0.187459
  ...
# Subtest: analyzeResource: transport-only Deny does NOT suppress PUBLIC-ACCESS (test 28)
ok 1448 - analyzeResource: transport-only Deny does NOT suppress PUBLIC-ACCESS (test 28)
  ---
  duration_ms: 0.2975
  ...
# Subtest: analyzeResource: an identity-shaped Deny (no SecureTransport) is NOT transport-only
ok 1449 - analyzeResource: an identity-shaped Deny (no SecureTransport) is NOT transport-only
  ---
  duration_ms: 0.149916
  ...
# Subtest: analyzeResource: "*" narrowed by aws:PrincipalArn is NOT unconditioned anonymous (test 85)
ok 1450 - analyzeResource: "*" narrowed by aws:PrincipalArn is NOT unconditioned anonymous (test 85)
  ---
  duration_ms: 0.273334
  ...
# Subtest: analyzeResource: "*" scoped by aws:PrincipalTag is narrowed, not anonymous public (test 49)
ok 1451 - analyzeResource: "*" scoped by aws:PrincipalTag is narrowed, not anonymous public (test 49)
  ---
  duration_ms: 0.296
  ...
# Subtest: analyzeResource: aws:userid also counts as principal-scoping (narrowed, not public)
ok 1452 - analyzeResource: aws:userid also counts as principal-scoping (narrowed, not public)
  ---
  duration_ms: 0.154
  ...
# Subtest: analyzeResource: NEGATED principal condition is an EXPANSION, stays critical public (not narrowed)
ok 1453 - analyzeResource: NEGATED principal condition is an EXPANSION, stays critical public (not narrowed)
  ---
  duration_ms: 0.282667
  ...
# Subtest: analyzeResource: ArnNotEquals aws:PrincipalArn (allow-everyone-except) stays critical, not narrowed
ok 1454 - analyzeResource: ArnNotEquals aws:PrincipalArn (allow-everyone-except) stays critical, not narrowed
  ---
  duration_ms: 0.220125
  ...
# Subtest: analyzeResource: aws:SecureTransport does NOT count as principal-scoping (still public)
ok 1455 - analyzeResource: aws:SecureTransport does NOT count as principal-scoping (still public)
  ---
  duration_ms: 0.196084
  ...
# Subtest: analyzeResource: named external-account principal -> RESOURCE-CROSS-ACCOUNT high (S3, hedged)
ok 1456 - analyzeResource: named external-account principal -> RESOURCE-CROSS-ACCOUNT high (S3, hedged)
  ---
  duration_ms: 0.210084
  ...
# Subtest: analyzeResource: S3 ARN has no account -> cross-account is HEDGED, not asserted
ok 1457 - analyzeResource: S3 ARN has no account -> cross-account is HEDGED, not asserted
  ---
  duration_ms: 0.215834
  ...
# Subtest: analyzeResource: account-bearing resource ARN -> CONFIRMED cross-account wording
ok 1458 - analyzeResource: account-bearing resource ARN -> CONFIRMED cross-account wording
  ---
  duration_ms: 0.201125
  ...
# Subtest: analyzeResource: account-bearing resource ARN, same account -> RESOURCE-SAME-ACCOUNT-GRANT (IAM-1204)
ok 1459 - analyzeResource: account-bearing resource ARN, same account -> RESOURCE-SAME-ACCOUNT-GRANT (IAM-1204)
  ---
  duration_ms: 0.224958
  ...
# Subtest: analyzeResource: same-account principal reported as direct grant, not cross-account (KMS)
ok 1460 - analyzeResource: same-account principal reported as direct grant, not cross-account (KMS)
  ---
  duration_ms: 0.613625
  ...
# Subtest: analyzeResource: same-account IAM-user grant with explicit owner account (test 32)
ok 1461 - analyzeResource: same-account IAM-user grant with explicit owner account (test 32)
  ---
  duration_ms: 0.173833
  ...
# Subtest: analyzeResource: assumed-role session principal identified as one session, not the role (test 33)
ok 1462 - analyzeResource: assumed-role session principal identified as one session, not the role (test 33)
  ---
  duration_ms: 0.12375
  ...
# Subtest: analyzeResource: explicit owner account, different principal account -> cross-account
ok 1463 - analyzeResource: explicit owner account, different principal account -> cross-account
  ---
  duration_ms: 0.064667
  ...
# Subtest: analyzeResource: s3:GetObject on a bucket-only ARN -> RESOURCE-ACTION-RESOURCE-MISMATCH (test 50)
ok 1464 - analyzeResource: s3:GetObject on a bucket-only ARN -> RESOURCE-ACTION-RESOURCE-MISMATCH (test 50)
  ---
  duration_ms: 0.089542
  ...
# Subtest: analyzeResource: s3:GetObject on an OBJECT-scoped ARN -> no mismatch
ok 1465 - analyzeResource: s3:GetObject on an OBJECT-scoped ARN -> no mismatch
  ---
  duration_ms: 0.0605
  ...
# Subtest: analyzeResource: a BUCKET action (s3:ListBucket) on a bucket ARN -> no mismatch
ok 1466 - analyzeResource: a BUCKET action (s3:ListBucket) on a bucket ARN -> no mismatch
  ---
  duration_ms: 1.242166
  ...
# Subtest: analyzeResource: S3 without owner account -> same-account NOT assumed (hedged cross-account)
ok 1467 - analyzeResource: S3 without owner account -> same-account NOT assumed (hedged cross-account)
  ---
  duration_ms: 0.091208
  ...
# Subtest: analyzeResource: service principal without source binding -> RESOURCE-CONFUSED-DEPUTY (test 26), NOT public
ok 1468 - analyzeResource: service principal without source binding -> RESOURCE-CONFUSED-DEPUTY (test 26), NOT public
  ---
  duration_ms: 0.127083
  ...
# Subtest: analyzeResource: properly source-bound service principal -> negative control info (test 27)
ok 1469 - analyzeResource: properly source-bound service principal -> negative control info (test 27)
  ---
  duration_ms: 0.221584
  ...
# Subtest: analyzeResource: mismatched SourceArn/SourceAccount -> inconsistent warning (test 53), not praised, not public-write
ok 1470 - analyzeResource: mismatched SourceArn/SourceAccount -> inconsistent warning (test 53), not praised, not public-write
  ---
  duration_ms: 0.243083
  ...
# Subtest: analyzeResource: multi-account SourceArn all disagreeing with SourceAccount -> mismatched (IAM-1204), not praised
ok 1471 - analyzeResource: multi-account SourceArn all disagreeing with SourceAccount -> mismatched (IAM-1204), not praised
  ---
  duration_ms: 0.54075
  ...
# Subtest: analyzeResource: multi-account SourceArn where ONE account matches SourceAccount -> stays source-bound
ok 1472 - analyzeResource: multi-account SourceArn where ONE account matches SourceAccount -> stays source-bound
  ---
  duration_ms: 0.191541
  ...
# Subtest: analyzeResource: multi-account SourceAccount all disagreeing with SourceArn -> mismatched (symmetry), not praised
ok 1473 - analyzeResource: multi-account SourceAccount all disagreeing with SourceArn -> mismatched (symmetry), not praised
  ---
  duration_ms: 0.290333
  ...
# Subtest: analyzeResource: agreeing multi-value SourceAccount is NOT falsely flagged mismatch
ok 1474 - analyzeResource: agreeing multi-value SourceAccount is NOT falsely flagged mismatch
  ---
  duration_ms: 0.096125
  ...
# Subtest: analyzeResource: a bypassable (IfExists) source binding does NOT count -> still exposure
ok 1475 - analyzeResource: a bypassable (IfExists) source binding does NOT count -> still exposure
  ---
  duration_ms: 0.082792
  ...
# Subtest: analyzeResource: a match-all SourceArn value does NOT bind -> still exposure
ok 1476 - analyzeResource: a match-all SourceArn value does NOT bind -> still exposure
  ---
  duration_ms: 0.062791
  ...
# Subtest: analyzeResource: source-bound via aws:SourceOrgID -> negative control info
ok 1477 - analyzeResource: source-bound via aws:SourceOrgID -> negative control info
  ---
  duration_ms: 0.054291
  ...
# Subtest: analyzeResource: confused-deputy graph origin is the SERVICE principal (test 26)
ok 1478 - analyzeResource: confused-deputy graph origin is the SERVICE principal (test 26)
  ---
  duration_ms: 0.172875
  ...
# Subtest: test 34: modify-then-assume on the same role -> one critical ROLE-TAKEOVER
ok 1479 - test 34: modify-then-assume on the same role -> one critical ROLE-TAKEOVER
  ---
  duration_ms: 8.441834
  ...
# Subtest: test 34: per-statement evidence is preserved (no cross-statement misattribution)
ok 1480 - test 34: per-statement evidence is preserved (no cross-statement misattribution)
  ---
  duration_ms: 1.202708
  ...
# Subtest: test 34: prerequisites are an AND of all three legs (allOf)
ok 1481 - test 34: prerequisites are an AND of all three legs (allOf)
  ---
  duration_ms: 19.474334
  ...
# Subtest: boundary: only 2 of the 3 primitives -> NO critical takeover
ok 1482 - boundary: only 2 of the 3 primitives -> NO critical takeover
  ---
  duration_ms: 2.545583
  ...
# Subtest: boundary: primitives on DIFFERENT roles -> NO critical takeover
ok 1483 - boundary: primitives on DIFFERENT roles -> NO critical takeover
  ---
  duration_ms: 2.291959
  ...
# Subtest: boundary: a wildcard role scope is not expanded into "the same role"
ok 1484 - boundary: a wildcard role scope is not expanded into "the same role"
  ---
  duration_ms: 6.264083
  ...
# Subtest: IAM-1006 mirror of test 74: a BOUNDED wildcard ASSUME scope covering a concrete modify/trust role -> one critical takeover anchored on the concrete role
ok 1485 - IAM-1006 mirror of test 74: a BOUNDED wildcard ASSUME scope covering a concrete modify/trust role -> one critical takeover anchored on the concrete role
  ---
  duration_ms: 4.081541
  ...
# Subtest: IAM-1006 boundary preserved: a MAXIMALLY-BROAD assume (*:role/*) with a concrete modify/trust role stays expansion-only, never a same-role takeover
ok 1486 - IAM-1006 boundary preserved: a MAXIMALLY-BROAD assume (*:role/*) with a concrete modify/trust role stays expansion-only, never a same-role takeover
  ---
  duration_ms: 2.075375
  ...
# Subtest: graph shows the same-role modify-then-assume linkage with typed edges
ok 1487 - graph shows the same-role modify-then-assume linkage with typed edges
  ---
  duration_ms: 2.652417
  ...
# Subtest: fixture wildcard/admin-star.json: rule findings match expectations
ok 1488 - fixture wildcard/admin-star.json: rule findings match expectations
  ---
  duration_ms: 2.629792
  ...
# Subtest: fixture wildcard/deny-wildcard-negative.json: rule findings match expectations
ok 1489 - fixture wildcard/deny-wildcard-negative.json: rule findings match expectations
  ---
  duration_ms: 0.20475
  ...
# Subtest: fixture wildcard/partial-action-wildcard-boundary.json: rule findings match expectations
ok 1490 - fixture wildcard/partial-action-wildcard-boundary.json: rule findings match expectations
  ---
  duration_ms: 0.387041
  ...
# Subtest: fixture wildcard/read-only-wildcard-resource-negative.json: rule findings match expectations
ok 1491 - fixture wildcard/read-only-wildcard-resource-negative.json: rule findings match expectations
  ---
  duration_ms: 0.257875
  ...
# Subtest: fixture wildcard/service-wildcard-action.json: rule findings match expectations
ok 1492 - fixture wildcard/service-wildcard-action.json: rule findings match expectations
  ---
  duration_ms: 0.291458
  ...
# Subtest: fixture wildcard/wildcard-resource-with-write.json: rule findings match expectations
ok 1493 - fixture wildcard/wildcard-resource-with-write.json: rule findings match expectations
  ---
  duration_ms: 0.235333
  ...
# Subtest: fixture safe/mixed-scalar-and-array.json: rule findings match expectations
ok 1494 - fixture safe/mixed-scalar-and-array.json: rule findings match expectations
  ---
  duration_ms: 0.291084
  ...
# Subtest: fixture safe/read-only-scoped.json: rule findings match expectations
ok 1495 - fixture safe/read-only-scoped.json: rule findings match expectations
  ---
  duration_ms: 0.257916
  ...
# Subtest: fixture direct-iam/iam-get-wildcard-boundary.json: rule findings match expectations
ok 1496 - fixture direct-iam/iam-get-wildcard-boundary.json: rule findings match expectations
  ---
  duration_ms: 1.01375
  ...
# Subtest: fixture direct-iam/iam-read-only-negative.json: rule findings match expectations
ok 1497 - fixture direct-iam/iam-read-only-negative.json: rule findings match expectations
  ---
  duration_ms: 0.864625
  ...
# Subtest: fixture direct-iam/iam-star-full-admin-positive.json: rule findings match expectations
ok 1498 - fixture direct-iam/iam-star-full-admin-positive.json: rule findings match expectations
  ---
  duration_ms: 0.554541
  ...
# Subtest: fixture direct-iam/iam-write-actions-positive.json: rule findings match expectations
ok 1499 - fixture direct-iam/iam-write-actions-positive.json: rule findings match expectations
  ---
  duration_ms: 0.600791
  ...
# Subtest: fixture direct-iam/iam-write-notresource-boundary.json: rule findings match expectations
ok 1500 - fixture direct-iam/iam-write-notresource-boundary.json: rule findings match expectations
  ---
  duration_ms: 0.638708
  ...
# Subtest: fixture destructive/delete-conditioned-notresource-boundary.json: rule findings match expectations
ok 1501 - fixture destructive/delete-conditioned-notresource-boundary.json: rule findings match expectations
  ---
  duration_ms: 0.405542
  ...
# Subtest: fixture destructive/delete-verb-wildcard-boundary.json: rule findings match expectations
ok 1502 - fixture destructive/delete-verb-wildcard-boundary.json: rule findings match expectations
  ---
  duration_ms: 0.385833
  ...
# Subtest: fixture destructive/read-only-negative.json: rule findings match expectations
ok 1503 - fixture destructive/read-only-negative.json: rule findings match expectations
  ---
  duration_ms: 0.666916
  ...
# Subtest: fixture destructive/terminate-and-delete-positive.json: rule findings match expectations
ok 1504 - fixture destructive/terminate-and-delete-positive.json: rule findings match expectations
  ---
  duration_ms: 0.227541
  ...
# Subtest: fixture exfil/data-read-conditioned-with-deny.json: rule findings match expectations
ok 1505 - fixture exfil/data-read-conditioned-with-deny.json: rule findings match expectations
  ---
  duration_ms: 0.347375
  ...
# Subtest: fixture exfil/data-read-sensitive-name-positive.json: rule findings match expectations
ok 1506 - fixture exfil/data-read-sensitive-name-positive.json: rule findings match expectations
  ---
  duration_ms: 0.120791
  ...
# Subtest: fixture exfil/data-read-variable-scoped-boundary.json: rule findings match expectations
ok 1507 - fixture exfil/data-read-variable-scoped-boundary.json: rule findings match expectations
  ---
  duration_ms: 0.083458
  ...
# Subtest: fixture exfil/kms-decrypt-notresource-conditional-deny-boundary.json: rule findings match expectations
ok 1508 - fixture exfil/kms-decrypt-notresource-conditional-deny-boundary.json: rule findings match expectations
  ---
  duration_ms: 0.194708
  ...
# Subtest: fixture exfil/kms-decrypt-star-subsumes-wildcard-resource.json: rule findings match expectations
ok 1509 - fixture exfil/kms-decrypt-star-subsumes-wildcard-resource.json: rule findings match expectations
  ---
  duration_ms: 0.305334
  ...
# Subtest: fixture exfil/kms-encrypt-only-negative.json: rule findings match expectations
ok 1510 - fixture exfil/kms-encrypt-only-negative.json: rule findings match expectations
  ---
  duration_ms: 0.130083
  ...
# Subtest: fixture exfil/s3-getobject-scoped-negative.json: rule findings match expectations
ok 1511 - fixture exfil/s3-getobject-scoped-negative.json: rule findings match expectations
  ---
  duration_ms: 0.188083
  ...
# Subtest: fixture exfil/s3-getobject-star-positive.json: rule findings match expectations
ok 1512 - fixture exfil/s3-getobject-star-positive.json: rule findings match expectations
  ---
  duration_ms: 0.248792
  ...
# Subtest: fixture exfil/secrets-and-kms-positive.json: rule findings match expectations
ok 1513 - fixture exfil/secrets-and-kms-positive.json: rule findings match expectations
  ---
  duration_ms: 0.52275
  ...
# Subtest: fixture exfil/secrets-scoped-boundary.json: rule findings match expectations
ok 1514 - fixture exfil/secrets-scoped-boundary.json: rule findings match expectations
  ---
  duration_ms: 0.646875
  ...
# Subtest: fixture detection/security-read-only-negative.json: rule findings match expectations
ok 1515 - fixture detection/security-read-only-negative.json: rule findings match expectations
  ---
  duration_ms: 0.100208
  ...
# Subtest: fixture detection/stop-security-telemetry-positive.json: rule findings match expectations
ok 1516 - fixture detection/stop-security-telemetry-positive.json: rule findings match expectations
  ---
  duration_ms: 0.0865
  ...
# Subtest: fixture detection/stop-telemetry-conditioned-notresource-deny-boundary.json: rule findings match expectations
ok 1517 - fixture detection/stop-telemetry-conditioned-notresource-deny-boundary.json: rule findings match expectations
  ---
  duration_ms: 0.14575
  ...
# Subtest: fixture detection/stoplogging-wildcard-resource-boundary.json: rule findings match expectations
ok 1518 - fixture detection/stoplogging-wildcard-resource-boundary.json: rule findings match expectations
  ---
  duration_ms: 0.070791
  ...
# Subtest: fixture notaction-allow/action-not-notaction-negative.json: rule findings match expectations
ok 1519 - fixture notaction-allow/action-not-notaction-negative.json: rule findings match expectations
  ---
  duration_ms: 0.060125
  ...
# Subtest: fixture notaction-allow/allow-notaction-conditioned-boundary.json: rule findings match expectations
ok 1520 - fixture notaction-allow/allow-notaction-conditioned-boundary.json: rule findings match expectations
  ---
  duration_ms: 0.068292
  ...
# Subtest: fixture notaction-allow/allow-notaction-positive.json: rule findings match expectations
ok 1521 - fixture notaction-allow/allow-notaction-positive.json: rule findings match expectations
  ---
  duration_ms: 0.138125
  ...
# Subtest: fixture notaction-allow/allow-notaction-wildcard-resource-boundary.json: rule findings match expectations
ok 1522 - fixture notaction-allow/allow-notaction-wildcard-resource-boundary.json: rule findings match expectations
  ---
  duration_ms: 0.053708
  ...
# Subtest: fixture notaction-allow/deny-notaction-boundary.json: rule findings match expectations
ok 1523 - fixture notaction-allow/deny-notaction-boundary.json: rule findings match expectations
  ---
  duration_ms: 0.0365
  ...
# Subtest: acceptance: wildcard/ has a positive fixture producing wildcard findings
ok 1524 - acceptance: wildcard/ has a positive fixture producing wildcard findings
  ---
  duration_ms: 0.654291
  ...
# Subtest: acceptance: safe/ fixtures exist and produce zero findings
ok 1525 - acceptance: safe/ fixtures exist and produce zero findings
  ---
  duration_ms: 0.319459
  ...
# Subtest: every rule family has at least one positive and one negative fixture
ok 1526 - every rule family has at least one positive and one negative fixture
  ---
  duration_ms: 39.826583
  ...
# Subtest: Action "*" is a high WILDCARD-ACTION; Resource "*" adds WILDCARD-RESOURCE
ok 1527 - Action "*" is a high WILDCARD-ACTION; Resource "*" adds WILDCARD-RESOURCE
  ---
  duration_ms: 0.329
  ...
# Subtest: service wildcard "s3:*" is high severity WILDCARD-ACTION
ok 1528 - service wildcard "s3:*" is high severity WILDCARD-ACTION
  ---
  duration_ms: 0.175375
  ...
# Subtest: WILDCARD-RESOURCE does not fire on a read-only wildcard-resource grant
ok 1529 - WILDCARD-RESOURCE does not fire on a read-only wildcard-resource grant
  ---
  duration_ms: 0.1695
  ...
# Subtest: WILDCARD-RESOURCE fires (medium) on Allow+NotResource with a write
ok 1530 - WILDCARD-RESOURCE fires (medium) on Allow+NotResource with a write
  ---
  duration_ms: 0.179667
  ...
# Subtest: iam:* trips DIRECT-IAM-ADMIN (high) as well as WILDCARD-ACTION
ok 1531 - iam:* trips DIRECT-IAM-ADMIN (high) as well as WILDCARD-ACTION
  ---
  duration_ms: 0.158583
  ...
# Subtest: iam:PutUserPolicy / iam:AttachRolePolicy / iam:CreatePolicyVersion each trip DIRECT-IAM-ADMIN
ok 1532 - iam:PutUserPolicy / iam:AttachRolePolicy / iam:CreatePolicyVersion each trip DIRECT-IAM-ADMIN
  ---
  duration_ms: 0.316667
  ...
# Subtest: iam read-only actions do NOT trip DIRECT-IAM-ADMIN
ok 1533 - iam read-only actions do NOT trip DIRECT-IAM-ADMIN
  ---
  duration_ms: 0.125459
  ...
# Subtest: destructive verbs trip DESTRUCTIVE-ACTION but security-service deletes go to DETECTION-IMPAIRMENT
ok 1534 - destructive verbs trip DESTRUCTIVE-ACTION but security-service deletes go to DETECTION-IMPAIRMENT
  ---
  duration_ms: 0.16225
  ...
# Subtest: DATA-EXFIL: s3:GetObject fires only with a broad resource; secrets fire always
ok 1535 - DATA-EXFIL: s3:GetObject fires only with a broad resource; secrets fire always
  ---
  duration_ms: 0.18725
  ...
# Subtest: kms:Decrypt fires KMS-DECRYPT, NOT DATA-EXFIL, and is not called a secret read
ok 1536 - kms:Decrypt fires KMS-DECRYPT, NOT DATA-EXFIL, and is not called a secret read
  ---
  duration_ms: 0.475
  ...
# Subtest: secretsmanager + kms:Decrypt in one statement split into DATA-EXFIL and KMS-DECRYPT
ok 1537 - secretsmanager + kms:Decrypt in one statement split into DATA-EXFIL and KMS-DECRYPT
  ---
  duration_ms: 0.1415
  ...
# Subtest: WILDCARD-RESOURCE why is neutral: broadly resource-scoped, no non-read claim
ok 1538 - WILDCARD-RESOURCE why is neutral: broadly resource-scoped, no non-read claim
  ---
  duration_ms: 0.263625
  ...
# Subtest: a Condition drops finding confidence to medium and annotates the limit
ok 1539 - a Condition drops finding confidence to medium and annotates the limit
  ---
  duration_ms: 0.267709
  ...
# Subtest: every finding limit says capability, not effective access
ok 1540 - every finding limit says capability, not effective access
  ---
  duration_ms: 0.313708
  ...
# Subtest: analyzeRules is deterministic and deeply frozen
ok 1541 - analyzeRules is deterministic and deeply frozen
  ---
  duration_ms: 0.401916
  ...
# Subtest: findings are ordered by statement index then rule order
ok 1542 - findings are ordered by statement index then rule order
  ---
  duration_ms: 0.254917
  ...
# Subtest: analyzeRules never throws on a bad model
ok 1543 - analyzeRules never throws on a bad model
  ---
  duration_ms: 0.239709
  ...
# Subtest: analyzeRulesFromText surfaces validation errors and never throws
ok 1544 - analyzeRulesFromText surfaces validation errors and never throws
  ---
  duration_ms: 7.470583
  ...
# Subtest: empty policy produces no findings
ok 1545 - empty policy produces no findings
  ---
  duration_ms: 0.123292
  ...
# Subtest: XSS-laden SID/ARN pass through findings as inert strings
ok 1546 - XSS-laden SID/ARN pass through findings as inert strings
  ---
  duration_ms: 0.200458
  ...
# Subtest: analyzing input does not pollute Object.prototype
ok 1547 - analyzing input does not pollute Object.prototype
  ---
  duration_ms: 0.10475
  ...
# Subtest: SAMPLES is a well-formed, non-empty, unique-id set with the required display fields
ok 1548 - SAMPLES is a well-formed, non-empty, unique-id set with the required display fields
  ---
  duration_ms: 0.55325
  ...
# Subtest: sample set includes at least one obvious escalation and at least one scary-but-neutralized sample
ok 1549 - sample set includes at least one obvious escalation and at least one scary-but-neutralized sample
  ---
  duration_ms: 0.066083
  ...
# Subtest: samples are fictional: every account id is the AWS example account 111122223333
ok 1550 - samples are fictional: every account id is the AWS example account 111122223333
  ---
  duration_ms: 0.132292
  ...
# Subtest: every fixtures/samples/ fixture corresponds to a shipped SAMPLE (no orphan fixtures)
ok 1551 - every fixtures/samples/ fixture corresponds to a shipped SAMPLE (no orphan fixtures)
  ---
  duration_ms: 1.554
  ...
# Subtest: each SAMPLE has a matching engine fixture with a byte-identical policy
ok 1552 - each SAMPLE has a matching engine fixture with a byte-identical policy
  ---
  duration_ms: 2.34675
  ...
# Subtest: analyze() on each sample is deterministic (same input -> deep-equal twice)
ok 1553 - analyze() on each sample is deterministic (same input -> deep-equal twice)
  ---
  duration_ms: 28.047042
  ...
# Subtest: analyze() on each sample satisfies its fixture sampleExpect contract
ok 1554 - analyze() on each sample satisfies its fixture sampleExpect contract
  ---
  duration_ms: 5.552334
  ...
# Subtest: at least one neutralized sample demonstrates a fail-closed/coverage or Deny-suppression outcome
ok 1555 - at least one neutralized sample demonstrates a fail-closed/coverage or Deny-suppression outcome
  ---
  duration_ms: 0.36025
  ...
# Subtest: prototype-pollution vectors never mutate Object.prototype
ok 1556 - prototype-pollution vectors never mutate Object.prototype
  ---
  duration_ms: 2.250458
  ...
# Subtest: pathological wildcards do not trigger catastrophic backtracking (<3s)
ok 1557 - pathological wildcards do not trigger catastrophic backtracking (<3s)
  ---
  duration_ms: 13.288583
  ...
# Subtest: large statement count returns a bounded result without throwing (<8s)
ok 1558 - large statement count returns a bounded result without throwing (<8s)
  ---
  duration_ms: 4.709959
  ...
# Subtest: deeply nested condition object returns a bounded result without throwing
ok 1559 - deeply nested condition object returns a bounded result without throwing
  ---
  duration_ms: 1.527834
  ...
# Subtest: multi-MB input returns a bounded result without throwing
ok 1560 - multi-MB input returns a bounded result without throwing
  ---
  duration_ms: 2.037
  ...
# Subtest: malformed / crash inputs always return a structured result, never throw
ok 1561 - malformed / crash inputs always return a structured result, never throw
  ---
  duration_ms: 1.417917
  ...
# Subtest: analysis is deterministic under adversarial input
ok 1562 - analysis is deterministic under adversarial input
  ---
  duration_ms: 3.780666
  ...
# Subtest: the page is indexable: robots is index,follow and noindex is gone
ok 1563 - the page is indexable: robots is index,follow and noindex is gone
  ---
  duration_ms: 2.6135
  ...
# Subtest: the launch comment records the remaining Search Console step
ok 1564 - the launch comment records the remaining Search Console step
  ---
  duration_ms: 0.512542
  ...
# Subtest: no sitemap file was hand-added under the shipped tool dir
ok 1565 - no sitemap file was hand-added under the shipped tool dir
  ---
  duration_ms: 0.284833
  ...
# Subtest: self-referential canonical is present and correct
ok 1566 - self-referential canonical is present and correct
  ---
  duration_ms: 0.416084
  ...
# Subtest: meta description is present, accurate, and uses "potential blast radius"
ok 1567 - meta description is present, accurate, and uses "potential blast radius"
  ---
  duration_ms: 0.730375
  ...
# Subtest: Open Graph tags are present
ok 1568 - Open Graph tags are present
  ---
  duration_ms: 0.408209
  ...
# Subtest: Twitter Card tags are present and use name="twitter:*"
ok 1569 - Twitter Card tags are present and use name="twitter:*"
  ---
  duration_ms: 0.329083
  ...
# Subtest: OG/Twitter image references an absolute self-hosted URL
ok 1570 - OG/Twitter image references an absolute self-hosted URL
  ---
  duration_ms: 0.165917
  ...
# Subtest: SoftwareApplication JSON-LD is present, valid, and truthful
ok 1571 - SoftwareApplication JSON-LD is present, valid, and truthful
  ---
  duration_ms: 0.530583
  ...
# Subtest: every JSON-LD claim string is visible on the page (structured data matches content)
ok 1572 - every JSON-LD claim string is visible on the page (structured data matches content)
  ---
  duration_ms: 0.608875
  ...
# Subtest: self-description never claims "policy simulator" or "effective permissions"
ok 1573 - self-description never claims "policy simulator" or "effective permissions"
  ---
  duration_ms: 0.917791
  ...
# Subtest: no meta keywords anywhere
ok 1574 - no meta keywords anywhere
  ---
  duration_ms: 0.787875
  ...
# Subtest: no absolute privacy/proof claims anywhere in the page
ok 1575 - no absolute privacy/proof claims anywhere in the page
  ---
  duration_ms: 0.889958
  ...
# Subtest: page does not promise rich results
ok 1576 - page does not promise rich results
  ---
  duration_ms: 1.175917
  ...
# Subtest: the crawlable docs section covers every required topic
ok 1577 - the crawlable docs section covers every required topic
  ---
  duration_ms: 0.165333
  ...
# Subtest: shipped tree contains no scratch/debug/test/tmp/.mjs strays
ok 1578 - shipped tree contains no scratch/debug/test/tmp/.mjs strays
  ---
  duration_ms: 3.18275
  ...
# Subtest: every shipped file has a served extension (no orphan artifacts)
ok 1579 - every shipped file has a served extension (no orphan artifacts)
  ---
  duration_ms: 0.59525
  ...
# Subtest: the record bundle carries all 9 T91-* cases
ok 1580 - the record bundle carries all 9 T91-* cases
  ---
  duration_ms: 0.563416
  ...
# Subtest: T91 viability: T91-01 matches its recorded expect
ok 1581 - T91 viability: T91-01 matches its recorded expect
  ---
  duration_ms: 7.315375
  ...
# Subtest: T91 viability: T91-02 matches its recorded expect
ok 1582 - T91 viability: T91-02 matches its recorded expect
  ---
  duration_ms: 0.699083
  ...
# Subtest: T91 viability: T91-03 matches its recorded expect
ok 1583 - T91 viability: T91-03 matches its recorded expect
  ---
  duration_ms: 15.004
  ...
# Subtest: T91 viability: T91-04 matches its recorded expect
ok 1584 - T91 viability: T91-04 matches its recorded expect
  ---
  duration_ms: 26.690166
  ...
# Subtest: T91 viability: T91-05 matches its recorded expect
ok 1585 - T91 viability: T91-05 matches its recorded expect
  ---
  duration_ms: 4.082542
  ...
# Subtest: T91 viability: T91-06 matches its recorded expect
ok 1586 - T91 viability: T91-06 matches its recorded expect
  ---
  duration_ms: 0.892792
  ...
# Subtest: T91 viability: T91-07 matches its recorded expect
ok 1587 - T91 viability: T91-07 matches its recorded expect
  ---
  duration_ms: 0.719667
  ...
# Subtest: T91 viability: T91-08 matches its recorded expect
ok 1588 - T91 viability: T91-08 matches its recorded expect
  ---
  duration_ms: 0.943375
  ...
# Subtest: T91 viability: T91-09 matches its recorded expect
ok 1589 - T91 viability: T91-09 matches its recorded expect
  ---
  duration_ms: 1.741625
  ...
# Subtest: T91: an incompatible/unknown path is reported, never dropped
ok 1590 - T91: an incompatible/unknown path is reported, never dropped
  ---
  duration_ms: 9.867375
  ...
# Subtest: trust-federated corpus is present and well-formed (OIDC + SAML, broad + tight)
ok 1591 - trust-federated corpus is present and well-formed (OIDC + SAML, broad + tight)
  ---
  duration_ms: 0.416833
  ...
# Subtest: analyze() satisfies every federated fixture contract
ok 1592 - analyze() satisfies every federated fixture contract
  ---
  duration_ms: 10.641167
  ...
# Subtest: federated findings expose per-statement evidence that maps back to the trust statement (provenance)
ok 1593 - federated findings expose per-statement evidence that maps back to the trust statement (provenance)
  ---
  duration_ms: 3.817584
  ...
# Subtest: determinism: re-analyzing a federated fixture yields byte-identical findings
ok 1594 - determinism: re-analyzing a federated fixture yields byte-identical findings
  ---
  duration_ms: 6.110667
  ...
# Subtest: classifyPrincipals types every modeled Principal form
ok 1595 - classifyPrincipals types every modeled Principal form
  ---
  duration_ms: 3.208375
  ...
# Subtest: TRUST_ACTIONS covers the modeled sts trust action set
ok 1596 - TRUST_ACTIONS covers the modeled sts trust action set
  ---
  duration_ms: 0.507334
  ...
# Subtest: Principal "*" -> critical TRUST-PUBLIC; no identity broad-Resource finding
ok 1597 - Principal "*" -> critical TRUST-PUBLIC; no identity broad-Resource finding
  ---
  duration_ms: 14.983417
  ...
# Subtest: StringNotEquals aws:PrincipalOrgID -> critical TRUST-ORG-EXPANSION, expansion polarity, no "missing" remediation
ok 1598 - StringNotEquals aws:PrincipalOrgID -> critical TRUST-ORG-EXPANSION, expansion polarity, no "missing" remediation
  ---
  duration_ms: 1.698166
  ...
# Subtest: external account + sts:ExternalId -> low/medium TRUST-CROSS-ACCOUNT; ExternalId not auth/secrecy, not "missing"
ok 1599 - external account + sts:ExternalId -> low/medium TRUST-CROSS-ACCOUNT; ExternalId not auth/secrecy, not "missing"
  ---
  duration_ms: 1.474166
  ...
# Subtest: IAM-903: a wildcard-ARN Principal (arn:aws:iam::*:role/*) is INVALID -> TRUST-INVALID-PRINCIPAL, never a plain TRUST-CROSS-ACCOUNT expansion
ok 1600 - IAM-903: a wildcard-ARN Principal (arn:aws:iam::*:role/*) is INVALID -> TRUST-INVALID-PRINCIPAL, never a plain TRUST-CROSS-ACCOUNT expansion
  ---
  duration_ms: 4.816084
  ...
# Subtest: IAM-903: an account-pinned wildcard-ARN Principal (arn:aws:iam::123456789012:role/app-*) is ALSO invalid (fail closed, no cross-account high)
ok 1601 - IAM-903: an account-pinned wildcard-ARN Principal (arn:aws:iam::123456789012:role/app-*) is ALSO invalid (fail closed, no cross-account high)
  ---
  duration_ms: 1.376083
  ...
# Subtest: IAM-903: a wildcard in the account field of a :root ARN (arn:aws:iam::*:root) is INVALID, never a valid whole-account aws-root delegation
ok 1602 - IAM-903: a wildcard in the account field of a :root ARN (arn:aws:iam::*:root) is INVALID, never a valid whole-account aws-root delegation
  ---
  duration_ms: 0.385459
  ...
# Subtest: IAM-903 boundary: concrete :root ARN and bare account id stay valid whole-account principals (aws-root / aws-account)
ok 1603 - IAM-903 boundary: concrete :root ARN and bare account id stay valid whole-account principals (aws-root / aws-account)
  ---
  duration_ms: 0.557208
  ...
# Subtest: IAM-1006: a partial wildcard in a Service principal is INVALID -> TRUST-INVALID-PRINCIPAL, coverage incomplete; the valid member stays an info service trust
ok 1604 - IAM-1006: a partial wildcard in a Service principal is INVALID -> TRUST-INVALID-PRINCIPAL, coverage incomplete; the valid member stays an info service trust
  ---
  duration_ms: 2.054833
  ...
# Subtest: IAM-1006: a partial wildcard in a Federated principal is INVALID -> TRUST-INVALID-PRINCIPAL, coverage incomplete, never a complete TRUST-FEDERATED
ok 1605 - IAM-1006: a partial wildcard in a Federated principal is INVALID -> TRUST-INVALID-PRINCIPAL, coverage incomplete, never a complete TRUST-FEDERATED
  ---
  duration_ms: 0.551042
  ...
# Subtest: IAM-1006 boundary: a concrete (no-glob) Service / Federated principal stays a normal, COMPLETE trust
ok 1606 - IAM-1006 boundary: a concrete (no-glob) Service / Federated principal stays a normal, COMPLETE trust
  ---
  duration_ms: 1.761292
  ...
# Subtest: IAM-805 breadth invariant preserved on the VALID unbounded principal: Principal "*" + sts:ExternalId stays CRITICAL public (a correlation value does not bound a public principal)
ok 1607 - IAM-805 breadth invariant preserved on the VALID unbounded principal: Principal "*" + sts:ExternalId stays CRITICAL public (a correlation value does not bound a public principal)
  ---
  duration_ms: 0.309458
  ...
# Subtest: unconditioned external account -> high TRUST-CROSS-ACCOUNT
ok 1608 - unconditioned external account -> high TRUST-CROSS-ACCOUNT
  ---
  duration_ms: 0.947958
  ...
# Subtest: OIDC broad sub (repo:org/*) -> high TRUST-FEDERATED; tight sub -> low
ok 1609 - OIDC broad sub (repo:org/*) -> high TRUST-FEDERATED; tight sub -> low
  ---
  duration_ms: 1.567625
  ...
# Subtest: service principal -> informational TRUST-SERVICE, never an external/escalation finding
ok 1610 - service principal -> informational TRUST-SERVICE, never an external/escalation finding
  ---
  duration_ms: 1.24775
  ...
# Subtest: sts:TagSession only + Principal "*" -> informational TRUST-SESSION-CONTROL, NOT critical TRUST-PUBLIC
ok 1611 - sts:TagSession only + Principal "*" -> informational TRUST-SESSION-CONTROL, NOT critical TRUST-PUBLIC
  ---
  duration_ms: 0.651042
  ...
# Subtest: sts:SetSourceIdentity only + external account -> informational TRUST-SESSION-CONTROL, NOT high TRUST-CROSS-ACCOUNT
ok 1612 - sts:SetSourceIdentity only + external account -> informational TRUST-SESSION-CONTROL, NOT high TRUST-CROSS-ACCOUNT
  ---
  duration_ms: 0.599667
  ...
# Subtest: assume action alongside an auxiliary session action is still scored as the real assume relationship
ok 1613 - assume action alongside an auxiliary session action is still scored as the real assume relationship
  ---
  duration_ms: 0.418041
  ...
# Subtest: Null-operator sts:ExternalId does NOT neutralize a whole-account trust (stays high)
ok 1614 - Null-operator sts:ExternalId does NOT neutralize a whole-account trust (stays high)
  ---
  duration_ms: 0.319084
  ...
# Subtest: non-string operator (DateGreaterThan) on sts:ExternalId does NOT neutralize (stays high)
ok 1615 - non-string operator (DateGreaterThan) on sts:ExternalId does NOT neutralize (stays high)
  ---
  duration_ms: 0.144667
  ...
# Subtest: wildcard aws:SourceArn ("*") is not a constraint (stays high)
ok 1616 - wildcard aws:SourceArn ("*") is not a constraint (stays high)
  ---
  duration_ms: 0.1825
  ...
# Subtest: all-addresses aws:SourceIp (0.0.0.0/0) is not a constraint (stays high)
ok 1617 - all-addresses aws:SourceIp (0.0.0.0/0) is not a constraint (stays high)
  ---
  duration_ms: 2.878375
  ...
# Subtest: aws:SourceIp is defense-in-depth: a whole-account trust STAYS high, path-exploitability lowered (IAM-802-B)
ok 1618 - aws:SourceIp is defense-in-depth: a whole-account trust STAYS high, path-exploitability lowered (IAM-802-B)
  ---
  duration_ms: 0.657
  ...
# Subtest: aws:MultiFactorAuthPresent is defense-in-depth: a whole-account trust STAYS high (IAM-802-B)
ok 1619 - aws:MultiFactorAuthPresent is defense-in-depth: a whole-account trust STAYS high (IAM-802-B)
  ---
  duration_ms: 0.742875
  ...
# Subtest: Principal "*" gated by a positive scoping condition is NOT critical public and the WHY does not claim anonymous/other-account trust
ok 1620 - Principal "*" gated by a positive scoping condition is NOT critical public and the WHY does not claim anonymous/other-account trust
  ---
  duration_ms: 1.02
  ...
# Subtest: co-present Federated + external AWS account: BOTH findings emitted; graph edges match the table (IAM-802-A)
ok 1621 - co-present Federated + external AWS account: BOTH findings emitted; graph edges match the table (IAM-802-A)
  ---
  duration_ms: 0.890208
  ...
# Subtest: StringNotEquals org on a BROAD principal ("*") stays critical org-expansion (IAM-802-C control)
ok 1622 - StringNotEquals org on a BROAD principal ("*") stays critical org-expansion (IAM-802-C control)
  ---
  duration_ms: 0.49775
  ...
# Subtest: StringNotEquals org on ONE specific role ARN is NOT org-wide critical; scoped to the cross-account case (IAM-802-C)
ok 1623 - StringNotEquals org on ONE specific role ARN is NOT org-wide critical; scoped to the cross-account case (IAM-802-C)
  ---
  duration_ms: 0.468875
  ...
# Subtest: IAM-903 supersedes IAM-803 it.3: a wildcard-ARN Principal ("arn:aws:iam::*:role/*") + negated org is INVALID (fail closed), not a critical TRUST-ORG-EXPANSION
ok 1624 - IAM-903 supersedes IAM-803 it.3: a wildcard-ARN Principal ("arn:aws:iam::*:role/*") + negated org is INVALID (fail closed), not a critical TRUST-ORG-EXPANSION
  ---
  duration_ms: 0.460042
  ...
# Subtest: IAM-903 supersedes IAM-803 it.4: an account-pinned wildcard ARN ("arn:aws:iam::123456789012:role/app-*") + negated org is INVALID, not cross-account high
ok 1625 - IAM-903 supersedes IAM-803 it.4: an account-pinned wildcard ARN ("arn:aws:iam::123456789012:role/app-*") + negated org is INVALID, not cross-account high
  ---
  duration_ms: 0.317584
  ...
# Subtest: IAM-803 it.4 inversion guard preserved for VALID principals: whole-account id and :root ARN both stay cross-account high (never over-ranked)
ok 1626 - IAM-803 it.4 inversion guard preserved for VALID principals: whole-account id and :root ARN both stay cross-account high (never over-ranked)
  ---
  duration_ms: 0.535375
  ...
# Subtest: ArnLike aws:SourceArn "arn:aws:*:*:*:*" matches every ARN -> not a constraint (stays high)
ok 1627 - ArnLike aws:SourceArn "arn:aws:*:*:*:*" matches every ARN -> not a constraint (stays high)
  ---
  duration_ms: 0.299542
  ...
# Subtest: StringLike aws:SourceAccount "1*" does not pin an account -> not a constraint (stays high)
ok 1628 - StringLike aws:SourceAccount "1*" does not pin an account -> not a constraint (stays high)
  ---
  duration_ms: 0.256042
  ...
# Subtest: StringLike aws:PrincipalOrgID "o-*" matches every org -> not a constraint (stays high)
ok 1629 - StringLike aws:PrincipalOrgID "o-*" matches every org -> not a constraint (stays high)
  ---
  duration_ms: 0.395292
  ...
# Subtest: Principal "*" + StringLike aws:PrincipalArn "arn:aws:iam::*:*" does not narrow -> stays critical public
ok 1630 - Principal "*" + StringLike aws:PrincipalArn "arn:aws:iam::*:*" does not narrow -> stays critical public
  ---
  duration_ms: 0.327834
  ...
# Subtest: a genuinely narrowing globbed SourceArn (account pinned) IS still a constraint (low)
ok 1631 - a genuinely narrowing globbed SourceArn (account pinned) IS still a constraint (low)
  ---
  duration_ms: 0.322208
  ...
# Subtest: ArnLike aws:SourceArn "arn:aws:iam::*:role/*" is a bare type keyword across all accounts -> not a constraint (stays high)
ok 1632 - ArnLike aws:SourceArn "arn:aws:iam::*:role/*" is a bare type keyword across all accounts -> not a constraint (stays high)
  ---
  duration_ms: 0.418708
  ...
# Subtest: ArnLike aws:SourceArn "arn:aws:secretsmanager:*:*:secret:*" matches every secret in every account -> not a constraint (stays high)
ok 1633 - ArnLike aws:SourceArn "arn:aws:secretsmanager:*:*:secret:*" matches every secret in every account -> not a constraint (stays high)
  ---
  duration_ms: 0.338
  ...
# Subtest: boundary: "arn:aws:iam::*:*" and "arn:aws:iam::*:role/*" are BOTH high (the type keyword is a no-op)
ok 1634 - boundary: "arn:aws:iam::*:*" and "arn:aws:iam::*:role/*" are BOTH high (the type keyword is a no-op)
  ---
  duration_ms: 0.516375
  ...
# Subtest: preservation: a CONCRETE resource id in a wildcard-account SourceArn still narrows (low/medium)
ok 1635 - preservation: a CONCRETE resource id in a wildcard-account SourceArn still narrows (low/medium)
  ---
  duration_ms: 0.475959
  ...
# Subtest: preservation: an S3 SourceArn pinning a concrete bucket (account-less) still narrows
ok 1636 - preservation: an S3 SourceArn pinning a concrete bucket (account-less) still narrows
  ---
  duration_ms: 0.406458
  ...
# Subtest: named cross-account root + StringEquals aws:PrincipalArn (one role) is NOT a whole-account claim (provenance)
ok 1637 - named cross-account root + StringEquals aws:PrincipalArn (one role) is NOT a whole-account claim (provenance)
  ---
  duration_ms: 0.409708
  ...
# Subtest: named cross-account root + broad aws:PrincipalArn (role/*) stays high but is scoped, not whole-account
ok 1638 - named cross-account root + broad aws:PrincipalArn (role/*) stays high but is scoped, not whole-account
  ---
  duration_ms: 0.172584
  ...
# Subtest: BUG-1: cross-account root + StringLike aws:PrincipalOrgID [pinned, "o-*"] is vacuous -> stays high
ok 1639 - BUG-1: cross-account root + StringLike aws:PrincipalOrgID [pinned, "o-*"] is vacuous -> stays high
  ---
  duration_ms: 0.169833
  ...
# Subtest: BUG-2: cross-account account + ArnLike aws:SourceArn [pinned, "arn:aws:*:*:*:*"] is vacuous -> stays high
ok 1640 - BUG-2: cross-account account + ArnLike aws:SourceArn [pinned, "arn:aws:*:*:*:*"] is vacuous -> stays high
  ---
  duration_ms: 0.118125
  ...
# Subtest: BUG-3: cross-account root + StringLike sts:ExternalId [real, "*"] is vacuous -> stays high; no "gated by" wording
ok 1641 - BUG-3: cross-account root + StringLike sts:ExternalId [real, "*"] is vacuous -> stays high; no "gated by" wording
  ---
  duration_ms: 0.129959
  ...
# Subtest: BUG-4: Principal "*" + StringLike aws:PrincipalOrgID [pinned, "o-*"] is vacuous -> stays critical public
ok 1642 - BUG-4: Principal "*" + StringLike aws:PrincipalOrgID [pinned, "o-*"] is vacuous -> stays critical public
  ---
  duration_ms: 0.106709
  ...
# Subtest: multi-value control: a positive condition whose values ALL narrow IS still a constraint (low)
ok 1643 - multi-value control: a positive condition whose values ALL narrow IS still a constraint (low)
  ---
  duration_ms: 0.26025
  ...
# Subtest: single-value neutralized controls remain low (unchanged by the .every fix)
ok 1644 - single-value neutralized controls remain low (unchanged by the .every fix)
  ---
  duration_ms: 0.197875
  ...
# Subtest: bypassable qualifier is NOT an effective constraint (StringEqualsIfExists sts:ExternalId) -> stays high, credited=false
ok 1645 - bypassable qualifier is NOT an effective constraint (StringEqualsIfExists sts:ExternalId) -> stays high, credited=false
  ---
  duration_ms: 0.132667
  ...
# Subtest: bypassable qualifier is NOT an effective constraint (ForAllValues:StringEquals sts:ExternalId) -> stays high, credited=false
ok 1646 - bypassable qualifier is NOT an effective constraint (ForAllValues:StringEquals sts:ExternalId) -> stays high, credited=false
  ---
  duration_ms: 0.094583
  ...
# Subtest: bypassable qualifier is NOT an effective constraint (ArnLikeIfExists aws:SourceArn (account-pinned)) -> stays high, credited=false
ok 1647 - bypassable qualifier is NOT an effective constraint (ArnLikeIfExists aws:SourceArn (account-pinned)) -> stays high, credited=false
  ---
  duration_ms: 0.684542
  ...
# Subtest: StringEqualsIfExists aws:PrincipalOrgID does not credit an org constraint -> stays high
ok 1648 - StringEqualsIfExists aws:PrincipalOrgID does not credit an org constraint -> stays high
  ---
  duration_ms: 0.242958
  ...
# Subtest: OIDC :sub that is tight but ...IfExists is bypassable -> broad, high, credited=false
ok 1649 - OIDC :sub that is tight but ...IfExists is bypassable -> broad, high, credited=false
  ---
  duration_ms: 0.686334
  ...
# Subtest: ForAnyValue is NOT a bypass: a real ExternalId constraint stays low + credited (control)
ok 1650 - ForAnyValue is NOT a bypass: a real ExternalId constraint stays low + credited (control)
  ---
  duration_ms: 0.632667
  ...
# Subtest: provenance coherence: match-everything glob on a key-aware key is high AND not credited
ok 1651 - provenance coherence: match-everything glob on a key-aware key is high AND not credited
  ---
  duration_ms: 0.332667
  ...
# Subtest: Finding 1: OIDC sub with a '?' glob is BROAD -> TRUST-FEDERATED high, agreeing with provenance
ok 1652 - Finding 1: OIDC sub with a '?' glob is BROAD -> TRUST-FEDERATED high, agreeing with provenance
  ---
  duration_ms: 0.434834
  ...
# Subtest: Finding 1 (starker): a '?'-repeated org-wide sub 'repo:evilorg/??????????' is BROAD -> high
ok 1653 - Finding 1 (starker): a '?'-repeated org-wide sub 'repo:evilorg/??????????' is BROAD -> high
  ---
  duration_ms: 0.395792
  ...
# Subtest: Finding 1 preservation: a fully-literal (no glob) sub stays TIGHT -> low
ok 1654 - Finding 1 preservation: a fully-literal (no glob) sub stays TIGHT -> low
  ---
  duration_ms: 0.390125
  ...
# Subtest: Finding 2: StringLike sts:ExternalId "?*" matches every non-empty string -> vacuous (stays high, uncredited)
ok 1655 - Finding 2: StringLike sts:ExternalId "?*" matches every non-empty string -> vacuous (stays high, uncredited)
  ---
  duration_ms: 0.381375
  ...
# Subtest: Finding 2: other all-glob default-path ExternalId values ("*?", "?", "**?") all stay high
ok 1656 - Finding 2: other all-glob default-path ExternalId values ("*?", "?", "**?") all stay high
  ---
  duration_ms: 0.7495
  ...
# Subtest: Finding 2 preservation: a partial ExternalId carrying a LITERAL is still a (weaker) constraint (low/medium)
ok 1657 - Finding 2 preservation: a partial ExternalId carrying a LITERAL is still a (weaker) constraint (low/medium)
  ---
  duration_ms: 0.530292
  ...
# Subtest: every trust finding carries the target-unknown / not-effective-access limitation
ok 1658 - every trust finding carries the target-unknown / not-effective-access limitation
  ---
  duration_ms: 0.56775
  ...
# Subtest: NotPrincipal on a trust shape stays fail-closed (UNSUPPORTED_NOTPRINCIPAL)
ok 1659 - NotPrincipal on a trust shape stays fail-closed (UNSUPPORTED_NOTPRINCIPAL)
  ---
  duration_ms: 0.209625
  ...
# Subtest: unknown Principal type on a trust shape stays fail-closed (UNSUPPORTED_PRINCIPAL_TYPE)
ok 1660 - unknown Principal type on a trust shape stays fail-closed (UNSUPPORTED_PRINCIPAL_TYPE)
  ---
  duration_ms: 0.08375
  ...
# Subtest: mixed identity + trust document stays fail-closed (AMBIGUOUS_POLICY_SHAPE)
ok 1661 - mixed identity + trust document stays fail-closed (AMBIGUOUS_POLICY_SHAPE)
  ---
  duration_ms: 0.0825
  ...
# Subtest: public trust graph: external-anonymous origin -> can-assume -> role (privileges unknown); no principal-subject root, no identity edges
ok 1662 - public trust graph: external-anonymous origin -> can-assume -> role (privileges unknown); no principal-subject root, no identity edges
  ---
  duration_ms: 0.131875
  ...
# Subtest: cross-account (ExternalId) trust graph: external-account origin -> can-assume -> role; conditioned edge is context-required
ok 1663 - cross-account (ExternalId) trust graph: external-account origin -> can-assume -> role; conditioned edge is context-required
  ---
  duration_ms: 0.126083
  ...
# Subtest: service trust graph: origin is a Service node -> can-assume -> role; still no identity capability edges
ok 1664 - service trust graph: origin is a Service node -> can-assume -> role; still no identity capability edges
  ---
  duration_ms: 0.098667
  ...
# Subtest: a blocked trust shape (NotPrincipal) produces an empty graph (fail closed)
ok 1665 - a blocked trust shape (NotPrincipal) produces an empty graph (fail closed)
  ---
  duration_ms: 0.057959
  ...
# Subtest: analyzeTrust never runs on a Deny trust statement (Deny is not a grant)
ok 1666 - analyzeTrust never runs on a Deny trust statement (Deny is not a grant)
  ---
  duration_ms: 0.041708
  ...
# Subtest: analyzeTrust is deterministic and returns a structured result on a bad model
ok 1667 - analyzeTrust is deterministic and returns a structured result on a bad model
  ---
  duration_ms: 0.380625
  ...
# Subtest: trust findings serialize into JSON + Markdown exports
ok 1668 - trust findings serialize into JSON + Markdown exports
  ---
  duration_ms: 0.707166
  ...
# Subtest: a modeled sts:ExternalId constraint keeps trust coverage complete + coherent evidence
ok 1669 - a modeled sts:ExternalId constraint keeps trust coverage complete + coherent evidence
  ---
  duration_ms: 0.226792
  ...
# Subtest: modeled OIDC aud/sub keep coverage complete; broad sub not credited as a guardrail
ok 1670 - modeled OIDC aud/sub keep coverage complete; broad sub not credited as a guardrail
  ---
  duration_ms: 0.141666
  ...
# Subtest: an unknown trust condition key reduces confidence (surfaced) but never clears the finding
ok 1671 - an unknown trust condition key reduces confidence (surfaced) but never clears the finding
  ---
  duration_ms: 0.130541
  ...
# Subtest: IAM-805-it2 F1: root Principal + REDUNDANT aws:PrincipalAccount(==same account) stays HIGH (account granularity narrows nothing)
ok 1672 - IAM-805-it2 F1: root Principal + REDUNDANT aws:PrincipalAccount(==same account) stays HIGH (account granularity narrows nothing)
  ---
  duration_ms: 0.165542
  ...
# Subtest: IAM-805-it2 F2: Principal "*" + aws:PrincipalAccount==X is whole-account trust -> HIGH, matching the root-ARN form
ok 1673 - IAM-805-it2 F2: Principal "*" + aws:PrincipalAccount==X is whole-account trust -> HIGH, matching the root-ARN form
  ---
  duration_ms: 0.191709
  ...
# Subtest: IAM-805-it2 F3: root:999 + StringLike aws:PrincipalArn "arn:aws:iam::*:role/deploy" intersects to ONE role -> MEDIUM (not broad)
ok 1674 - IAM-805-it2 F3: root:999 + StringLike aws:PrincipalArn "arn:aws:iam::*:role/deploy" intersects to ONE role -> MEDIUM (not broad)
  ---
  duration_ms: 0.149583
  ...
# Subtest: IAM-805-it2 F4: root:999 + StringLike aws:PrincipalArn "...:role/admin?" ("?"-glob) matches a SET -> HIGH
ok 1675 - IAM-805-it2 F4: root:999 + StringLike aws:PrincipalArn "...:role/admin?" ("?"-glob) matches a SET -> HIGH
  ---
  duration_ms: 0.155833
  ...
# Subtest: IAM-806: public Allow fully neutralized by an unconditional public Deny -> no TRUST-PUBLIC, blocked-by-deny edge, no bare can-assume
ok 1676 - IAM-806: public Allow fully neutralized by an unconditional public Deny -> no TRUST-PUBLIC, blocked-by-deny edge, no bare can-assume
  ---
  duration_ms: 0.244958
  ...
# Subtest: IAM-806: cross-account Allow fully neutralized by same-principal unconditional Deny -> no TRUST-CROSS-ACCOUNT
ok 1677 - IAM-806: cross-account Allow fully neutralized by same-principal unconditional Deny -> no TRUST-CROSS-ACCOUNT
  ---
  duration_ms: 0.164083
  ...
# Subtest: IAM-806: a fully-modeled Deny keeps coverage complete but surfaces the Deny as a caveat (never silently discarded)
ok 1678 - IAM-806: a fully-modeled Deny keeps coverage complete but surfaces the Deny as a caveat (never silently discarded)
  ---
  duration_ms: 0.493167
  ...
# Subtest: IAM-806: a CONDITIONAL same-policy Deny does NOT fully block -> finding stays + coverage incomplete + can-assume kept
ok 1679 - IAM-806: a CONDITIONAL same-policy Deny does NOT fully block -> finding stays + coverage incomplete + can-assume kept
  ---
  duration_ms: 0.176958
  ...
# Subtest: IAM-806: a Deny of a DIFFERENT principal does not suppress an unrelated grant, but is still shown
ok 1680 - IAM-806: a Deny of a DIFFERENT principal does not suppress an unrelated grant, but is still shown
  ---
  duration_ms: 0.12775
  ...
# Subtest: trustFindingDenyState classifies full / partial / none
ok 1681 - trustFindingDenyState classifies full / partial / none
  ---
  duration_ms: 3.600166
  ...
# Subtest: summarizeTrustDeny reports presence + unmodeled correctly
ok 1682 - summarizeTrustDeny reports presence + unmodeled correctly
  ---
  duration_ms: 0.558417
  ...
# Subtest: IAM-806: deny-suppressed trust analysis stays deterministic
ok 1683 - IAM-806: deny-suppressed trust analysis stays deterministic
  ---
  duration_ms: 0.385208
  ...
# Subtest: IAM-806: root-ARN Allow fully neutralized by bare-account-id Deny (canonical equivalence)
ok 1684 - IAM-806: root-ARN Allow fully neutralized by bare-account-id Deny (canonical equivalence)
  ---
  duration_ms: 0.281167
  ...
# Subtest: IAM-806: bare-account-id Allow fully neutralized by root-ARN Deny (reverse spelling)
ok 1685 - IAM-806: bare-account-id Allow fully neutralized by root-ARN Deny (reverse spelling)
  ---
  duration_ms: 0.146917
  ...
# Subtest: IAM-806: trustFindingDenyState resolves root-ARN vs bare-account-id as full
ok 1686 - IAM-806: trustFindingDenyState resolves root-ARN vs bare-account-id as full
  ---
  duration_ms: 0.07925
  ...
# Subtest: IAM-806: an unconditional Deny that overlaps NO grant does not claim neutralization
ok 1687 - IAM-806: an unconditional Deny that overlaps NO grant does not claim neutralization
  ---
  duration_ms: 0.197209
  ...
# Subtest: fixture malformed/deep-nesting.json: no uncaught + expected verdict
ok 1688 - fixture malformed/deep-nesting.json: no uncaught + expected verdict
  ---
  duration_ms: 0.864334
  ...
# Subtest: fixture malformed/not-json.json: no uncaught + expected verdict
ok 1689 - fixture malformed/not-json.json: no uncaught + expected verdict
  ---
  duration_ms: 0.142334
  ...
# Subtest: fixture malformed/proto-pollution.json: no uncaught + expected verdict
ok 1690 - fixture malformed/proto-pollution.json: no uncaught + expected verdict
  ---
  duration_ms: 0.432292
  ...
# Subtest: fixture adversarial/hostile-strings-capability-rules.json: no uncaught + expected verdict
ok 1691 - fixture adversarial/hostile-strings-capability-rules.json: no uncaught + expected verdict
  ---
  duration_ms: 0.268417
  ...
# Subtest: fixture adversarial/hostile-strings-escalation-paths.json: no uncaught + expected verdict
ok 1692 - fixture adversarial/hostile-strings-escalation-paths.json: no uncaught + expected verdict
  ---
  duration_ms: 0.18
  ...
# Subtest: fixture adversarial/oversized-statements.json: no uncaught + expected verdict
ok 1693 - fixture adversarial/oversized-statements.json: no uncaught + expected verdict
  ---
  duration_ms: 4.147291
  ...
# Subtest: fixture adversarial/proto-pollution-nested.json: no uncaught + expected verdict
ok 1694 - fixture adversarial/proto-pollution-nested.json: no uncaught + expected verdict
  ---
  duration_ms: 0.163
  ...
# Subtest: fixture adversarial/proto-string-value-boundary.json: no uncaught + expected verdict
ok 1695 - fixture adversarial/proto-string-value-boundary.json: no uncaught + expected verdict
  ---
  duration_ms: 0.125834
  ...
# Subtest: fixture adversarial/xss-in-sid-and-arn.json: no uncaught + expected verdict
ok 1696 - fixture adversarial/xss-in-sid-and-arn.json: no uncaught + expected verdict
  ---
  duration_ms: 0.262333
  ...
# Subtest: fixture safe/mixed-scalar-and-array.json: no uncaught + expected verdict
ok 1697 - fixture safe/mixed-scalar-and-array.json: no uncaught + expected verdict
  ---
  duration_ms: 0.337833
  ...
# Subtest: fixture safe/read-only-scoped.json: no uncaught + expected verdict
ok 1698 - fixture safe/read-only-scoped.json: no uncaught + expected verdict
  ---
  duration_ms: 0.1135
  ...
# Subtest: proto-pollution fixture rejected and prototype untouched
ok 1699 - proto-pollution fixture rejected and prototype untouched
  ---
  duration_ms: 0.172208
  ...
# Subtest: nested __proto__ rejected without polluting prototype
ok 1700 - nested __proto__ rejected without polluting prototype
  ---
  duration_ms: 0.062708
  ...
# Subtest: constructor and prototype keys rejected
ok 1701 - constructor and prototype keys rejected
  ---
  duration_ms: 0.078708
  ...
# Subtest: valid input returns ok with null-prototype raw
ok 1702 - valid input returns ok with null-prototype raw
  ---
  duration_ms: 0.290333
  ...
# Subtest: errors carry structured {code,message,path}
ok 1703 - errors carry structured {code,message,path}
  ---
  duration_ms: 0.05525
  ...
# Subtest: non-string input rejected, no throw
ok 1704 - non-string input rejected, no throw
  ---
  duration_ms: 0.053917
  ...
# Subtest: empty / whitespace input rejected
ok 1705 - empty / whitespace input rejected
  ---
  duration_ms: 0.037541
  ...
# Subtest: oversize input rejected with TOO_LARGE
ok 1706 - oversize input rejected with TOO_LARGE
  ---
  duration_ms: 0.261208
  ...
# Subtest: over-deep nesting rejected before parse (no stack overflow)
ok 1707 - over-deep nesting rejected before parse (no stack overflow)
  ---
  duration_ms: 0.039791
  ...
# Subtest: depth guard ignores braces inside string literals
ok 1708 - depth guard ignores braces inside string literals
  ---
  duration_ms: 0.039875
  ...
# Subtest: too many statements rejected
ok 1709 - too many statements rejected
  ---
  duration_ms: 2.297833
  ...
# Subtest: too many actions rejected
ok 1710 - too many actions rejected
  ---
  duration_ms: 7.712125
  ...
# Subtest: too many resources rejected
ok 1711 - too many resources rejected
  ---
  duration_ms: 5.981416
  ...
# Subtest: statement counting tolerates single-object Statement
ok 1712 - statement counting tolerates single-object Statement
  ---
  duration_ms: 0.169042
  ...
# Subtest: top-level non-object rejected
ok 1713 - top-level non-object rejected
  ---
  duration_ms: 0.262667
  ...
# Subtest: duplicate key within a statement object rejected with DUPLICATE_JSON_KEY
ok 1714 - duplicate key within a statement object rejected with DUPLICATE_JSON_KEY
  ---
  duration_ms: 0.274167
  ...
# Subtest: same key in DIFFERENT objects is legal (no false positive)
ok 1715 - same key in DIFFERENT objects is legal (no false positive)
  ---
  duration_ms: 0.239958
  ...
# Subtest: duplicate top-level key rejected and located
ok 1716 - duplicate top-level key rejected and located
  ---
  duration_ms: 0.132375
  ...
# Subtest: escaped-form duplicate key still collides (matches JSON.parse semantics)
ok 1717 - escaped-form duplicate key still collides (matches JSON.parse semantics)
  ---
  duration_ms: 0.146709
  ...
# Subtest: a key value containing braces/quotes does not confuse the scanner
ok 1718 - a key value containing braces/quotes does not confuse the scanner
  ---
  duration_ms: 0.371333
  ...
# Subtest: validate is deterministic
ok 1719 - validate is deterministic
  ---
  duration_ms: 0.486084
  ...
# Subtest: root package.json version equals VERSION_MANIFEST.releaseVersion
ok 1720 - root package.json version equals VERSION_MANIFEST.releaseVersion
  ---
  duration_ms: 2.555334
  ...
# Subtest: version manifest is frozen and declares the expected fields
ok 1721 - version manifest is frozen and declares the expected fields
  ---
  duration_ms: 0.21525
  ...
# Subtest: every shipped identifier matches the manifest
ok 1722 - every shipped identifier matches the manifest
  ---
  duration_ms: 0.116125
  ...
# Subtest: checkVersionCoherence() reports ok with no mismatches on the shipped set
ok 1723 - checkVersionCoherence() reports ok with no mismatches on the shipped set
  ---
  duration_ms: 1.230167
  ...
# Subtest: diffVersions detects a drifted identifier
ok 1724 - diffVersions detects a drifted identifier
  ---
  duration_ms: 0.228583
  ...
# Subtest: diffVersions flags a missing identifier (undefined) as a mismatch
ok 1725 - diffVersions flags a missing identifier (undefined) as a mismatch
  ---
  duration_ms: 0.958458
  ...
# Subtest: checkVersionCoherence(alteredManifest) reaches the not-ok block path
ok 1726 - checkVersionCoherence(alteredManifest) reaches the not-ok block path
  ---
  duration_ms: 0.492166
  ...
# Subtest: every finding across the corpus carries the manifest ruleVersion
ok 1727 - every finding across the corpus carries the manifest ruleVersion
  ---
  duration_ms: 96.372625
  ...
# Subtest: worker.js derives its fallback catalogVersion from CATALOG_VERSION
ok 1728 - worker.js derives its fallback catalogVersion from CATALOG_VERSION
  ---
  duration_ms: 0.720041
  ...
1..1728
# tests 1728
# suites 0
# pass 1728
# fail 0
# cancelled 0
# skipped 0
# todo 0
# duration_ms 1595.913625
